"Fichier";"Ligne";"Élément JSX";"Attributs source";"Nature de la preuve"
"src/app/administration/utilisateurs/nouveau/page.tsx";"235";"PageShell";"className=""py-0"" width=""form""";"Inventaire automatique — voir le rapport pour les vérifications effectuées"
"src/app/administration/utilisateurs/nouveau/page.tsx";"309";"Button";"aria-label=""Copier le mot de passe temporaire"" onClick={() => void copyTemporaryPassword()} size=""icon"" type=""button"" variant=""outline""";"Inventaire automatique — voir le rapport pour les vérifications effectuées"
"src/app/administration/utilisateurs/nouveau/page.tsx";"380";"Button";"asChild";"Inventaire automatique — voir le rapport pour les vérifications effectuées"
"src/app/administration/utilisateurs/nouveau/page.tsx";"381";"Link";"href={`/administration/utilisateurs/${createdUser.id}`}";"Inventaire automatique — voir le rapport pour les vérifications effectuées"
"src/app/administration/utilisateurs/nouveau/page.tsx";"385";"Button";"type=""button"" variant=""outline"" onClick={resetForm}";"Inventaire automatique — voir le rapport pour les vérifications effectuées"
"src/app/administration/utilisateurs/nouveau/page.tsx";"391";"form";"noValidate onSubmit={(event) => { event.preventDefault(); void handleCreateUser(); }}";"Inventaire automatique — voir le rapport pour les vérifications effectuées"
"src/app/administration/utilisateurs/nouveau/page.tsx";"415";"Label";"htmlFor=""newFirstName"" className=""text-muted-foreground text-xs"" required";"Inventaire automatique — voir le rapport pour les vérifications effectuées"
"src/app/administration/utilisateurs/nouveau/page.tsx";"422";"Input";"aria-describedby={ errors.firstName ? 'newFirstName-error' : undefined } aria-invalid={!!errors.firstName} autoComplete=""given-name"" id=""newFirstName"" maxLength={50} name=""firstName"" required value={form.firstName} placeholder=""Jean"" onChange={(event) => updateField('firstName', event.target.value) } className={inputClassName}";"Inventaire automatique — voir le rapport pour les vérifications effectuées"
"src/app/administration/utilisateurs/nouveau/page.tsx";"452";"Label";"htmlFor=""newLastName"" className=""text-muted-foreground text-xs"" required";"Inventaire automatique — voir le rapport pour les vérifications effectuées"
"src/app/administration/utilisateurs/nouveau/page.tsx";"459";"Input";"aria-describedby={ errors.lastName ? 'newLastName-error' : undefined } aria-invalid={!!errors.lastName} autoComplete=""family-name"" id=""newLastName"" maxLength={50} name=""lastName"" required value={form.lastName} placeholder=""Dupont"" onChange={(event) => updateField('lastName', event.target.value) } className={inputClassName}";"Inventaire automatique — voir le rapport pour les vérifications effectuées"
"src/app/administration/utilisateurs/nouveau/page.tsx";"488";"Label";"htmlFor=""newLoginName"" className=""text-muted-foreground text-xs"" required";"Inventaire automatique — voir le rapport pour les vérifications effectuées"
"src/app/administration/utilisateurs/nouveau/page.tsx";"497";"Input";"aria-describedby={ errors.loginName ? 'newLoginName-error' : 'newLoginName-hint' } aria-invalid={!!errors.loginName} autoCapitalize=""none"" autoComplete=""username"" autoCorrect=""off"" id=""newLoginName"" maxLength={32} name=""loginName"" required spellCheck={false} type=""text"" value={form.loginName} placeholder=""jean.dupont"" onChange={(event) => updateField( 'loginName', event.target.value.toLowerCase(), ) } className={`${inputClassName} pl-9`}";"Inventaire automatique — voir le rapport pour les vérifications effectuées"
"src/app/administration/utilisateurs/nouveau/page.tsx";"543";"Label";"htmlFor=""newContactEmail"" className=""text-muted-foreground text-xs""";"Inventaire automatique — voir le rapport pour les vérifications effectuées"
"src/app/administration/utilisateurs/nouveau/page.tsx";"552";"Input";"aria-describedby={ errors.contactEmail ? 'newContactEmail-error' : 'newContactEmail-hint' } aria-invalid={!!errors.contactEmail} autoComplete=""email"" id=""newContactEmail"" maxLength={254} name=""contactEmail"" type=""email"" value={form.contactEmail} placeholder=""jean.dupont@example.com"" onChange={(event) => updateField('contactEmail', event.target.value) } className={`${inputClassName} pl-9`}";"Inventaire automatique — voir le rapport pour les vérifications effectuées"
"src/app/administration/utilisateurs/nouveau/page.tsx";"597";"Label";"htmlFor=""newRole"" className=""text-muted-foreground text-xs"" required";"Inventaire automatique — voir le rapport pour les vérifications effectuées"
"src/app/administration/utilisateurs/nouveau/page.tsx";"604";"Select";"value={form.role} onValueChange={(value) => updateField('role', value as UserRole) }";"Inventaire automatique — voir le rapport pour les vérifications effectuées"
"src/app/administration/utilisateurs/nouveau/page.tsx";"610";"SelectTrigger";"id=""newRole"" className={inputClassName}";"Inventaire automatique — voir le rapport pour les vérifications effectuées"
"src/app/administration/utilisateurs/nouveau/page.tsx";"614";"SelectValue";"";"Inventaire automatique — voir le rapport pour les vérifications effectuées"
"src/app/administration/utilisateurs/nouveau/page.tsx";"616";"SelectContent";"";"Inventaire automatique — voir le rapport pour les vérifications effectuées"
"src/app/administration/utilisateurs/nouveau/page.tsx";"617";"SelectItem";"value=""USER""";"Inventaire automatique — voir le rapport pour les vérifications effectuées"
"src/app/administration/utilisateurs/nouveau/page.tsx";"619";"SelectItem";"value=""ADMIN""";"Inventaire automatique — voir le rapport pour les vérifications effectuées"
"src/app/administration/utilisateurs/nouveau/page.tsx";"638";"Button";"asChild variant=""outline""";"Inventaire automatique — voir le rapport pour les vérifications effectuées"
"src/app/administration/utilisateurs/nouveau/page.tsx";"639";"Link";"href=""/administration/utilisateurs""";"Inventaire automatique — voir le rapport pour les vérifications effectuées"
"src/app/administration/utilisateurs/nouveau/page.tsx";"641";"Button";"type=""submit"" disabled={ isCreating || !form.firstName || !form.lastName || !form.loginName }";"Inventaire automatique — voir le rapport pour les vérifications effectuées"
"src/app/administration/utilisateurs/nouveau/page.tsx";"670";"AdminStepUpDialog";"actorLoginName={userData.loginName} description=""Confirmez votre identité avant de créer un compte administrateur."" onCancel={() => setShowAdminCreationStepUp(false)} onComplete={async () => { setShowAdminCreationStepUp(false); await handleCreateUser(); }} open={showAdminCreationStepUp} title=""Confirmer la création administrateur""";"Inventaire automatique — voir le rapport pour les vérifications effectuées"
"src/app/administration/utilisateurs/page.tsx";"48";"PageShell";"className=""py-0""";"Inventaire automatique — voir le rapport pour les vérifications effectuées"
"src/app/administration/utilisateurs/page.tsx";"55";"Button";"asChild size=""sm""";"Inventaire automatique — voir le rapport pour les vérifications effectuées"
"src/app/administration/utilisateurs/page.tsx";"56";"Link";"href=""/administration/utilisateurs/nouveau""";"Inventaire automatique — voir le rapport pour les vérifications effectuées"
"src/app/error.tsx";"27";"h1";"className=""text-xl leading-7 font-semibold sm:text-2xl sm:leading-8""";"Inventaire automatique — voir le rapport pour les vérifications effectuées"
"src/app/error.tsx";"40";"Button";"onClick={reset} className=""gap-2""";"Inventaire automatique — voir le rapport pour les vérifications effectuées"
"src/app/loading.tsx";"8";"PageShell";"className=""py-0"" role=""status"" aria-label=""Chargement de la page""";"Inventaire automatique — voir le rapport pour les vérifications effectuées"
"src/app/login/page.tsx";"290";"form";"autoComplete=""on"" className=""space-y-5"" onSubmit={handleCredentialsSubmit}";"Inventaire automatique — voir le rapport pour les vérifications effectuées"
"src/app/login/page.tsx";"305";"Label";"htmlFor=""loginName"" required";"Inventaire automatique — voir le rapport pour les vérifications effectuées"
"src/app/login/page.tsx";"310";"Input";"allowPasswordManager autoCapitalize=""none"" autoComplete=""username"" autoCorrect=""off"" className=""h-10 pl-10"" disabled={isSubmitting} id=""loginName"" maxLength={32} name=""username"" onChange={(event) => setLoginName(event.target.value)} placeholder=""jean.dupont"" required spellCheck={false} type=""text"" value={loginName}";"Inventaire automatique — voir le rapport pour les vérifications effectuées"
"src/app/login/page.tsx";"330";"Label";"htmlFor=""password"" required";"Inventaire automatique — voir le rapport pour les vérifications effectuées"
"src/app/login/page.tsx";"335";"Input";"allowPasswordManager autoComplete=""current-password"" className=""h-10 px-10"" disabled={isSubmitting} id=""password"" name=""password"" onChange={(event) => setPassword(event.target.value)} placeholder=""Votre mot de passe"" required type={showPassword ? 'text' : 'password'} value={password}";"Inventaire automatique — voir le rapport pour les vérifications effectuées"
"src/app/login/page.tsx";"348";"Button";"aria-label={ showPassword ? 'Masquer le mot de passe' : 'Afficher le mot de passe' } className=""text-muted-foreground hover:text-foreground absolute top-1/2 right-1 size-8 -translate-y-1/2"" disabled={isSubmitting} onClick={() => setShowPassword((value) => !value)} size=""icon"" type=""button"" variant=""ghost""";"Inventaire automatique — voir le rapport pour les vérifications effectuées"
"src/app/login/page.tsx";"370";"Checkbox";"checked={rememberMe} disabled={isSubmitting} id=""rememberMe"" onCheckedChange={(checked) => setRememberMe(checked === true)}";"Inventaire automatique — voir le rapport pour les vérifications effectuées"
"src/app/login/page.tsx";"376";"Label";"className=""text-muted-foreground cursor-pointer text-sm font-normal"" htmlFor=""rememberMe""";"Inventaire automatique — voir le rapport pour les vérifications effectuées"
"src/app/login/page.tsx";"392";"Button";"className=""h-10 w-full"" disabled={isSubmitting || !loginName || !password} type=""submit""";"Inventaire automatique — voir le rapport pour les vérifications effectuées"
"src/app/login/page.tsx";"410";"form";"className=""space-y-4"" onSubmit={handleMfaSubmit}";"Inventaire automatique — voir le rapport pour les vérifications effectuées"
"src/app/login/page.tsx";"423";"MfaCodeInput";"autoFocus disabled={isSubmitting} id=""login-mfa-code"" inputRef={mfaInputRef} kind={mfaCodeKind} onChange={setMfaCode} value={mfaCode}";"Inventaire automatique — voir le rapport pour les vérifications effectuées"
"src/app/login/page.tsx";"438";"Button";"className=""h-auto p-0 text-xs"" disabled={isSubmitting} onClick={() => { clearError(); setMfaCode(''); setMfaCodeKind((kind) => kind === 'totp' ? 'recovery' : 'totp', ); }} type=""button"" variant=""link""";"Inventaire automatique — voir le rapport pour les vérifications effectuées"
"src/app/login/page.tsx";"456";"Button";"aria-label=""Retour à l’identifiant et au mot de passe"" className=""shrink-0"" disabled={isSubmitting} onClick={() => void handleBackToCredentials()} type=""button"" variant=""outline""";"Inventaire automatique — voir le rapport pour les vérifications effectuées"
"src/app/login/page.tsx";"467";"Button";"className=""flex-1"" disabled={ isSubmitting || !isCompleteMfaCode(mfaCode, mfaCodeKind) } type=""submit""";"Inventaire automatique — voir le rapport pour les vérifications effectuées"
"src/app/mon-compte/page.tsx";"12";"PageShell";"className=""py-0""";"Inventaire automatique — voir le rapport pour les vérifications effectuées"
"src/app/not-found.tsx";"25";"h1";"className=""text-xl leading-7 font-semibold sm:text-2xl sm:leading-8""";"Inventaire automatique — voir le rapport pour les vérifications effectuées"
"src/app/not-found.tsx";"32";"Button";"asChild";"Inventaire automatique — voir le rapport pour les vérifications effectuées"
"src/app/not-found.tsx";"33";"Link";"href=""/""";"Inventaire automatique — voir le rapport pour les vérifications effectuées"
"src/app/recherche/page.tsx";"11";"PageShell";"className=""py-0"" width=""reading""";"Inventaire automatique — voir le rapport pour les vérifications effectuées"
"src/app/vie-interne/actualite-interne/page.tsx";"16";"PageShell";"className=""py-0"" width=""reading""";"Inventaire automatique — voir le rapport pour les vérifications effectuées"
"src/app/vie-interne/repertoire/nouveau/page.tsx";"21";"PageShell";"className=""py-0"" width=""form""";"Inventaire automatique — voir le rapport pour les vérifications effectuées"
"src/app/vie-interne/repertoire/nouveau/page.tsx";"73";"PageShell";"className=""py-0"" width=""form""";"Inventaire automatique — voir le rapport pour les vérifications effectuées"
"src/app/vie-interne/repertoire/nouveau/page.tsx";"76";"PageHero";"compact description=""Créez l'identité essentielle, puis complétez la fiche si nécessaire."" icon={<UserPlus className=""size-5"" />} title=""Nouvelle fiche"" tone=""internal""";"Inventaire automatique — voir le rapport pour les vérifications effectuées"
"src/app/vie-interne/repertoire/nouveau/page.tsx";"83";"PersonCreateForm";"returnHref={returnHref}";"Inventaire automatique — voir le rapport pour les vérifications effectuées"
"src/app/vie-interne/repertoire/[id]/loading.tsx";"17";"PageShell";"className=""py-0""";"Inventaire automatique — voir le rapport pour les vérifications effectuées"
"src/components/AuthenticatedLayout.tsx";"182";"h1";"className=""mt-4 text-xl leading-7 font-semibold sm:text-2xl sm:leading-8""";"Inventaire automatique — voir le rapport pour les vérifications effectuées"
"src/components/AuthenticatedLayout.tsx";"186";"Button";"className=""mt-4"" onClick={() => void refreshUser()} type=""button"" variant=""outline""";"Inventaire automatique — voir le rapport pour les vérifications effectuées"
"src/components/AuthenticatedLayout.tsx";"212";"ChangePasswordDialog";"open={showPasswordDialog} onSuccess={handlePasswordChanged}";"Inventaire automatique — voir le rapport pour les vérifications effectuées"
"src/components/AuthenticatedLayout.tsx";"216";"MfaSetupDialog";"allowCancel={false} loginName={userData.loginName} mode=""activate"" onComplete={(data) => applyUserUpdate(data.user)} open={requiresMfaSetup}";"Inventaire automatique — voir le rapport pour les vérifications effectuées"
"src/components/ChangePasswordDialog.tsx";"120";"Dialog";"open={open} onOpenChange={(isOpen) => !isOpen && canCancel && onCancel()}";"Inventaire automatique — voir le rapport pour les vérifications effectuées"
"src/components/ChangePasswordDialog.tsx";"124";"DialogContent";"className=""overflow-y-auto p-0 sm:max-w-md"" hideCloseButton={!canCancel}";"Inventaire automatique — voir le rapport pour les vérifications effectuées"
"src/components/ChangePasswordDialog.tsx";"129";"DialogHeader";"";"Inventaire automatique — voir le rapport pour les vérifications effectuées"
"src/components/ChangePasswordDialog.tsx";"130";"DialogTitle";"className=""flex items-center gap-2""";"Inventaire automatique — voir le rapport pour les vérifications effectuées"
"src/components/ChangePasswordDialog.tsx";"138";"DialogDescription";"";"Inventaire automatique — voir le rapport pour les vérifications effectuées"
"src/components/ChangePasswordDialog.tsx";"144";"form";"onSubmit={handleSubmit} className=""mt-4 space-y-4""";"Inventaire automatique — voir le rapport pour les vérifications effectuées"
"src/components/ChangePasswordDialog.tsx";"155";"Label";"htmlFor=""currentPassword"" required";"Inventaire automatique — voir le rapport pour les vérifications effectuées"
"src/components/ChangePasswordDialog.tsx";"158";"Input";"allowPasswordManager autoComplete=""current-password"" id=""currentPassword"" name=""current-password"" required type=""password"" value={currentPassword} onChange={(e) => setCurrentPassword(e.target.value)} placeholder=""Votre mot de passe actuel"" disabled={isLoading} autoFocus aria-invalid={canCancel && !currentPassword && !!error}";"Inventaire automatique — voir le rapport pour les vérifications effectuées"
"src/components/ChangePasswordDialog.tsx";"175";"Label";"htmlFor=""newPassword"" required";"Inventaire automatique — voir le rapport pour les vérifications effectuées"
"src/components/ChangePasswordDialog.tsx";"178";"Input";"allowPasswordManager autoComplete=""new-password"" id=""newPassword"" name=""new-password"" required type=""password"" value={newPassword} onChange={(e) => setNewPassword(e.target.value)} placeholder=""Minimum 8 caractères"" disabled={isLoading} autoFocus={!canCancel} aria-describedby={ newPassword.length > 0 ? 'password-strength' : undefined } aria-invalid={ newPassword.length > 0 && !passwordValidation.isValid }";"Inventaire automatique — voir le rapport pour les vérifications effectuées"
"src/components/ChangePasswordDialog.tsx";"250";"Label";"htmlFor=""confirmPassword"" required";"Inventaire automatique — voir le rapport pour les vérifications effectuées"
"src/components/ChangePasswordDialog.tsx";"253";"Input";"allowPasswordManager autoComplete=""new-password"" id=""confirmPassword"" name=""confirm-password"" required type=""password"" value={confirmPassword} onChange={(e) => setConfirmPassword(e.target.value)} placeholder=""Confirmez votre mot de passe"" disabled={isLoading} aria-invalid={isConfirmMismatch} aria-describedby={ isConfirmMismatch ? 'confirmPassword-error' : undefined }";"Inventaire automatique — voir le rapport pour les vérifications effectuées"
"src/components/ChangePasswordDialog.tsx";"281";"Button";"type=""button"" variant=""outline"" className=""flex-1"" onClick={onCancel} disabled={isLoading}";"Inventaire automatique — voir le rapport pour les vérifications effectuées"
"src/components/ChangePasswordDialog.tsx";"291";"Button";"type=""submit"" className={cn(canCancel ? 'flex-1' : 'w-full')} disabled={isLoading || !canSubmit}";"Inventaire automatique — voir le rapport pour les vérifications effectuées"
"src/components/layout/Disclosure.tsx";"29";"Button";"type=""button"" variant=""ghost"" size=""inline"" className=""text-muted-foreground hover:text-foreground min-h-8 gap-1.5 text-xs font-medium""";"Inventaire automatique — voir le rapport pour les vérifications effectuées"
"src/components/layout/EntityDangerZone.tsx";"86";"AlertDialog";"onOpenChange={(nextOpen) => { if (isDeleting) return; setOpen(nextOpen); if (nextOpen) { setVersion(initialVersion); setConflict(false); idempotencyKeyRef.current = crypto.randomUUID(); } }} open={open}";"Inventaire automatique — voir le rapport pour les vérifications effectuées"
"src/components/layout/EntityDangerZone.tsx";"98";"AlertDialogTrigger";"asChild";"Inventaire automatique — voir le rapport pour les vérifications effectuées"
"src/components/layout/EntityDangerZone.tsx";"99";"Button";"className=""shrink-0"" variant=""destructive""";"Inventaire automatique — voir le rapport pour les vérifications effectuées"
"src/components/layout/EntityDangerZone.tsx";"100";"Trash2";"className=""size-4""";"Inventaire automatique — voir le rapport pour les vérifications effectuées"
"src/components/layout/EntityDangerZone.tsx";"104";"AlertDialogContent";"className=""sm:max-w-lg""";"Inventaire automatique — voir le rapport pour les vérifications effectuées"
"src/components/layout/EntityDangerZone.tsx";"105";"AlertDialogHeader";"";"Inventaire automatique — voir le rapport pour les vérifications effectuées"
"src/components/layout/EntityDangerZone.tsx";"106";"AlertDialogTitle";"";"Inventaire automatique — voir le rapport pour les vérifications effectuées"
"src/components/layout/EntityDangerZone.tsx";"109";"AlertDialogDescription";"";"Inventaire automatique — voir le rapport pour les vérifications effectuées"
"src/components/layout/EntityDangerZone.tsx";"119";"Button";"onClick={() => { void onReloadVersion().then((freshVersion) => { setVersion(freshVersion); setConflict(false); toast.info('Version actualisée'); }); }} size=""sm"" type=""button"" variant=""outline""";"Inventaire automatique — voir le rapport pour les vérifications effectuées"
"src/components/layout/EntityDangerZone.tsx";"140";"AlertDialogFooter";"";"Inventaire automatique — voir le rapport pour les vérifications effectuées"
"src/components/layout/EntityDangerZone.tsx";"141";"AlertDialogCancel";"disabled={isDeleting}";"Inventaire automatique — voir le rapport pour les vérifications effectuées"
"src/components/layout/EntityDangerZone.tsx";"144";"Button";"disabled={isDeleting} onClick={() => void handleDelete()} type=""button"" variant=""destructive""";"Inventaire automatique — voir le rapport pour les vérifications effectuées"
"src/components/layout/EntityDangerZone.tsx";"153";"Trash2";"className=""size-4""";"Inventaire automatique — voir le rapport pour les vérifications effectuées"
"src/components/layout/EntityDetailLayout.tsx";"51";"PageShell";"className=""py-0""";"Inventaire automatique — voir le rapport pour les vérifications effectuées"
"src/components/layout/EntityDetailLayout.tsx";"53";"PageBackButton";"href={backHref} label={backLabel}";"Inventaire automatique — voir le rapport pour les vérifications effectuées"
"src/components/layout/EntityDetailLayout.tsx";"55";"PageHero";"compact hasNavigation icon={heroIcon} iconClassName={heroIconClassName} meta={heroMeta} title={heroTitle} tone={tone}";"Inventaire automatique — voir le rapport pour les vérifications effectuées"
"src/components/layout/GlobalSearch.tsx";"122";"Dialog";"open={open} onOpenChange={(nextOpen) => (nextOpen ? setOpen(true) : closeSearch())}";"Inventaire automatique — voir le rapport pour les vérifications effectuées"
"src/components/layout/GlobalSearch.tsx";"126";"DialogTrigger";"asChild";"Inventaire automatique — voir le rapport pour les vérifications effectuées"
"src/components/layout/GlobalSearch.tsx";"127";"Button";"aria-label=""Ouvrir la navigation rapide"" variant=""outline"" className=""text-muted-foreground min-w-10 gap-2 px-2.5 font-normal lg:min-w-56 lg:justify-start xl:min-w-64"" type=""button""";"Inventaire automatique — voir le rapport pour les vérifications effectuées"
"src/components/layout/GlobalSearch.tsx";"137";"DialogContent";"fullscreenOnMobile hideCloseButton className=""border-border-default bg-popover h-dvh max-w-2xl overflow-hidden p-0 sm:h-auto sm:max-h-[min(38rem,85dvh)]""";"Inventaire automatique — voir le rapport pour les vérifications effectuées"
"src/components/layout/GlobalSearch.tsx";"142";"DialogHeader";"className=""sr-only""";"Inventaire automatique — voir le rapport pour les vérifications effectuées"
"src/components/layout/GlobalSearch.tsx";"143";"DialogTitle";"";"Inventaire automatique — voir le rapport pour les vérifications effectuées"
"src/components/layout/GlobalSearch.tsx";"144";"DialogDescription";"";"Inventaire automatique — voir le rapport pour les vérifications effectuées"
"src/components/layout/GlobalSearch.tsx";"156";"CommandInput";"aria-label=""Rechercher une page"" autoComplete=""off"" autoFocus placeholder=""Rechercher une page..."" value={query} onValueChange={setQuery} trailing={ <> {query && ( <Button aria-label=""Effacer la recherche"" className=""size-11"" onClick={() => setQuery('')} onMouseDown={(event) => event.preventDefault()} size=""icon"" type=""button"" variant=""ghost"" > <CircleX aria-hidden=""true"" className=""size-4"" /> </Button> )} <DialogClose asChild> <Button aria-label=""Fermer la navigation rapide"" className=""size-11"" size=""icon"" type=""button"" variant=""ghost"" > <X aria-hidden=""true"" className=""size-4"" /> </Button> </DialogClose> </> }";"Inventaire automatique — voir le rapport pour les vérifications effectuées"
"src/components/layout/GlobalSearch.tsx";"166";"Button";"aria-label=""Effacer la recherche"" className=""size-11"" onClick={() => setQuery('')} onMouseDown={(event) => event.preventDefault()} size=""icon"" type=""button"" variant=""ghost""";"Inventaire automatique — voir le rapport pour les vérifications effectuées"
"src/components/layout/GlobalSearch.tsx";"178";"DialogClose";"asChild";"Inventaire automatique — voir le rapport pour les vérifications effectuées"
"src/components/layout/GlobalSearch.tsx";"179";"Button";"aria-label=""Fermer la navigation rapide"" className=""size-11"" size=""icon"" type=""button"" variant=""ghost""";"Inventaire automatique — voir le rapport pour les vérifications effectuées"
"src/components/layout/GlobalSearch.tsx";"248";"Button";"onClick={() => navigateToHref(advancedSearchHref)} size=""inline"" type=""button"" variant=""link""";"Inventaire automatique — voir le rapport pour les vérifications effectuées"
"src/components/layout/NotificationCenter.tsx";"246";"Button";"aria-label={ unreadNotificationsCount > 0 ? `Ouvrir les notifications (${unreadNotificationsCount} non lues)` : 'Ouvrir les notifications' } className=""text-muted-foreground hover:bg-surface-tile-hover hover:text-foreground data-[state=open]:border-border-strong/60 data-[state=open]:bg-surface-navigation-active data-[state=open]:text-foreground relative rounded-lg bg-transparent shadow-none hover:border-transparent"" size=""icon"" variant=""ghost""";"Inventaire automatique — voir le rapport pour les vérifications effectuées"
"src/components/layout/NotificationCenter.tsx";"291";"Button";"aria-label=""Fermer les notifications"" size=""icon"" variant=""ghost""";"Inventaire automatique — voir le rapport pour les vérifications effectuées"
"src/components/layout/NotificationCenter.tsx";"310";"Button";"onClick={() => void refreshNotificationResource()} size=""sm"" type=""button"" variant=""ghost""";"Inventaire automatique — voir le rapport pour les vérifications effectuées"
"src/components/layout/NotificationCenter.tsx";"350";"Button";"className=""mt-3"" onClick={() => void refreshNotificationResource()} size=""sm"" type=""button"" variant=""outline""";"Inventaire automatique — voir le rapport pour les vérifications effectuées"
"src/components/layout/NotificationCenter.tsx";"368";"Link";"className=""hover:bg-surface-navigation-hover focus-visible:bg-surface-navigation-active focus-visible:ring-ring/50 flex gap-3 rounded-lg px-3 py-3 transition-colors outline-none focus-visible:ring-2 focus-visible:ring-inset"" href={notification.href} key={notification.id} onClick={() => { setOpen(false); if (notification.read) return; void apiFetchJson( `/api/notifications/${notification.id}`, jsonRequest('PATCH', { action: 'read' }), ) .then(() => { notifyNotificationsChanged(); }) .catch(() => undefined); }}";"Inventaire automatique — voir le rapport pour les vérifications effectuées"
"src/components/layout/NotificationCenter.tsx";"450";"Link";"className=""text-muted-foreground hover:bg-surface-navigation-hover hover:text-foreground focus-visible:ring-ring/50 flex min-h-11 items-center justify-center gap-2 rounded-lg px-2 py-2 text-xs font-semibold transition-colors outline-none focus-visible:ring-2"" href={link.href} key={link.href} onClick={() => setOpen(false)}";"Inventaire automatique — voir le rapport pour les vérifications effectuées"
"src/components/layout/NotificationCenter.tsx";"456";"LinkIcon";"aria-hidden=""true"" className=""size-3.5""";"Inventaire automatique — voir le rapport pour les vérifications effectuées"
"src/components/layout/PageBackNavigation.tsx";"39";"Button";"asChild className={buttonClassName} size=""sm"" variant=""ghost""";"Inventaire automatique — voir le rapport pour les vérifications effectuées"
"src/components/layout/PageBackNavigation.tsx";"40";"Link";"href={target.href} title={fullWidth ? label : undefined}";"Inventaire automatique — voir le rapport pour les vérifications effectuées"
"src/components/layout/PageBackNavigation.tsx";"48";"Button";"className={buttonClassName} onClick={target.onClick} size=""sm"" title={fullWidth ? label : undefined} type=""button"" variant=""ghost""";"Inventaire automatique — voir le rapport pour les vérifications effectuées"
"src/components/layout/PageBackNavigation.tsx";"68";"PageBackButton";"{...props}";"Inventaire automatique — voir le rapport pour les vérifications effectuées"
"src/components/layout/PageHero.tsx";"35";"section";"data-slot=""page-heading"" data-tone={tone} className={cn( 'border-border-divider min-w-0', !hasNavigation && 'border-b pb-5', className, )} {...props}";"Inventaire automatique — voir le rapport pour les vérifications effectuées"
"src/components/layout/PageHero.tsx";"71";"h1";"className={cn( 'text-xl leading-7 font-semibold tracking-normal [overflow-wrap:anywhere] sm:text-2xl sm:leading-8', eyebrow && 'mt-2', )}";"Inventaire automatique — voir le rapport pour les vérifications effectuées"
"src/components/layout/PageSectionNavigation.tsx";"94";"Link";"aria-current={isActive ? 'page' : undefined} className={cn( 'focus-visible:ring-ring relative inline-flex min-h-12 shrink-0 items-center gap-2 border-b-2 px-3 py-3 text-sm font-medium whitespace-nowrap transition-colors outline-none focus-visible:ring-2 focus-visible:ring-inset', isActive ? 'border-primary text-foreground' : 'text-muted-foreground hover:bg-surface-navigation-hover hover:text-foreground border-transparent', )} href={getSectionHref(section.id)} key={section.id} onClick={(event) => { if (!onSectionChange || shouldLetBrowserHandleClick(event)) return; event.preventDefault(); onSectionChange(section.id); }} ref={isActive ? activeLinkRef : undefined} replace={replace}";"Inventaire automatique — voir le rapport pour les vérifications effectuées"
"src/components/layout/PageState.tsx";"42";"PageShell";"className=""py-0""";"Inventaire automatique — voir le rapport pour les vérifications effectuées"
"src/components/layout/PageState.tsx";"52";"h1";"className=""text-xl leading-7 font-semibold tracking-normal sm:text-2xl sm:leading-8""";"Inventaire automatique — voir le rapport pour les vérifications effectuées"
"src/components/layout/PageState.tsx";"63";"Button";"asChild variant=""outline""";"Inventaire automatique — voir le rapport pour les vérifications effectuées"
"src/components/layout/PageState.tsx";"64";"Link";"href={actionHref}";"Inventaire automatique — voir le rapport pour les vérifications effectuées"
"src/components/layout/PageState.tsx";"68";"Button";"type=""button"" onClick={onAction}";"Inventaire automatique — voir le rapport pour les vérifications effectuées"
"src/components/layout/PageState.tsx";"73";"Button";"asChild variant=""outline""";"Inventaire automatique — voir le rapport pour les vérifications effectuées"
"src/components/layout/PageState.tsx";"74";"Link";"href={secondaryActionHref}";"Inventaire automatique — voir le rapport pour les vérifications effectuées"
"src/components/layout/PoleNavigation.tsx";"139";"Button";"asChild variant=""navigation"" size=""inline"" className=""min-h-11 w-full gap-2.5 px-2 py-1.5 text-sm has-[>svg]:px-2 lg:min-h-9""";"Inventaire automatique — voir le rapport pour les vérifications effectuées"
"src/components/layout/PoleNavigation.tsx";"145";"Link";"href={space.href} aria-current={isActive ? 'location' : undefined} title={space.summary} onClick={() => setOpenMobile(false)}";"Inventaire automatique — voir le rapport pour les vérifications effectuées"
"src/components/layout/PoleNavigation.tsx";"184";"Button";"type=""button"" variant=""outline"" aria-label={actionLabel} className=""border-sidebar-border bg-sidebar text-muted-foreground hover:bg-surface-navigation-hover hover:text-foreground absolute -bottom-4 left-1/2 z-10 h-8 w-11 -translate-x-1/2 rounded-full p-0 has-[>svg]:px-0 lg:-bottom-3 lg:h-6 lg:w-9""";"Inventaire automatique — voir le rapport pour les vérifications effectuées"
"src/components/layout/ResourceStateBoundary.tsx";"34";"Button";"onClick={onRetry} size=""sm"" type=""button"" variant=""outline""";"Inventaire automatique — voir le rapport pour les vérifications effectuées"
"src/components/layout/SectionPanel.tsx";"31";"section";"aria-labelledby={titleId} className={cn('min-w-0', className)}";"Inventaire automatique — voir le rapport pour les vérifications effectuées"
"src/components/layout/UnsavedNavigationDialog.tsx";"37";"AlertDialog";"open={open} onOpenChange={(nextOpen) => { if (!nextOpen) onCancel(); }}";"Inventaire automatique — voir le rapport pour les vérifications effectuées"
"src/components/layout/UnsavedNavigationDialog.tsx";"43";"AlertDialogContent";"className={contentClassName}";"Inventaire automatique — voir le rapport pour les vérifications effectuées"
"src/components/layout/UnsavedNavigationDialog.tsx";"44";"AlertDialogHeader";"";"Inventaire automatique — voir le rapport pour les vérifications effectuées"
"src/components/layout/UnsavedNavigationDialog.tsx";"45";"AlertDialogTitle";"";"Inventaire automatique — voir le rapport pour les vérifications effectuées"
"src/components/layout/UnsavedNavigationDialog.tsx";"46";"AlertDialogDescription";"";"Inventaire automatique — voir le rapport pour les vérifications effectuées"
"src/components/layout/UnsavedNavigationDialog.tsx";"48";"AlertDialogFooter";"";"Inventaire automatique — voir le rapport pour les vérifications effectuées"
"src/components/layout/UnsavedNavigationDialog.tsx";"49";"AlertDialogCancel";"onClick={onCancel}";"Inventaire automatique — voir le rapport pour les vérifications effectuées"
"src/components/layout/UnsavedNavigationDialog.tsx";"50";"AlertDialogAction";"className=""bg-destructive text-destructive-foreground hover:bg-destructive/90"" onClick={onConfirm}";"Inventaire automatique — voir le rapport pour les vérifications effectuées"
"src/components/Sidebar.tsx";"200";"SidebarMenuSubButton";"asChild isActive={isActive} className={activeTone.subButton}";"Inventaire automatique — voir le rapport pour les vérifications effectuées"
"src/components/Sidebar.tsx";"205";"Link";"aria-current={ isExactActive ? 'page' : isActive ? 'location' : undefined } href={item.href} onClick={() => setOpenMobile(false)}";"Inventaire automatique — voir le rapport pour les vérifications effectuées"
"src/components/Sidebar.tsx";"241";"SidebarMenuButton";"aria-label={`Ouvrir ${item.label}`} aria-current={ isExactActive ? 'page' : hasActiveChild ? 'location' : undefined } isActive={isActive || hasActiveChild} title={item.label} className={cn( activeTone.menuButton, hasActiveChild && activeTone.branchButton, )}";"Inventaire automatique — voir le rapport pour les vérifications effectuées"
"src/components/Sidebar.tsx";"268";"DropdownMenuLabel";"className=""text-muted-foreground truncate px-2 py-1.5 text-xs font-medium""";"Inventaire automatique — voir le rapport pour les vérifications effectuées"
"src/components/Sidebar.tsx";"279";"Link";"aria-current={isExactActive ? 'page' : undefined} href={item.href} onClick={() => setOpenMobile(false)}";"Inventaire automatique — voir le rapport pour les vérifications effectuées"
"src/components/Sidebar.tsx";"308";"Link";"aria-current={ isChildExactActive ? 'page' : isChildActive ? 'location' : undefined } href={child.href} onClick={() => setOpenMobile(false)}";"Inventaire automatique — voir le rapport pour les vérifications effectuées"
"src/components/Sidebar.tsx";"340";"SidebarMenuButton";"asChild isActive={isActive && !hasActiveChild} tooltip={item.label} className={cn( 'pr-10 group-data-[collapsible=icon]/sidebar:pr-0', activeTone.menuButton, hasActiveChild && activeTone.branchButton, )}";"Inventaire automatique — voir le rapport pour les vérifications effectuées"
"src/components/Sidebar.tsx";"350";"Link";"aria-current={ isExactActive ? 'page' : hasActiveChild ? 'location' : undefined } href={item.href} onClick={() => setOpenMobile(false)}";"Inventaire automatique — voir le rapport pour les vérifications effectuées"
"src/components/Sidebar.tsx";"382";"SidebarMenuButton";"asChild isActive={isActive} tooltip={item.label} className={activeTone.menuButton}";"Inventaire automatique — voir le rapport pour les vérifications effectuées"
"src/components/Sidebar.tsx";"388";"Link";"aria-current={ isExactActive ? 'page' : isActive ? 'location' : undefined } href={item.href} onClick={() => setOpenMobile(false)}";"Inventaire automatique — voir le rapport pour les vérifications effectuées"
"src/components/Sidebar.tsx";"406";"Link";"href=""/"" aria-label=""Retour au tableau de bord"" onClick={() => setOpenMobile(false)} title={isCollapsed ? SITE_CONFIG.name : undefined} className={cn( 'hover:bg-sidebar-accent/45 focus-visible:ring-sidebar-ring flex h-11 w-full min-w-0 items-center gap-2.5 overflow-hidden rounded-md px-2 text-left transition-colors outline-none focus-visible:ring-2 lg:h-9', 'group-data-[collapsible=icon]/sidebar:justify-start group-data-[collapsible=icon]/sidebar:gap-0 group-data-[collapsible=icon]/sidebar:bg-transparent group-data-[collapsible=icon]/sidebar:px-0 group-data-[collapsible=icon]/sidebar:pl-3', )}";"Inventaire automatique — voir le rapport pour les vérifications effectuées"
"src/components/Sidebar.tsx";"455";"SidebarGroupLabel";"id={sectionLabelId}";"Inventaire automatique — voir le rapport pour les vérifications effectuées"
"src/components/Sidebar.tsx";"497";"Button";"variant=""outline"" type=""button"" aria-label={`Menu utilisateur de ${userDisplayName}`} title={`${userDisplayName} · ${userAccessLabel}`} className={cn( 'group/account-menu border-border-default bg-surface-panel hover:border-border-strong hover:bg-surface-navigation-hover focus-visible:ring-sidebar-ring data-[state=open]:border-border-strong data-[state=open]:bg-surface-navigation-active flex h-14 w-full min-w-0 items-center gap-3 overflow-hidden rounded-lg border px-3 text-left transition-colors outline-none focus-visible:ring-2 lg:h-14', 'group-data-[collapsible=icon]/sidebar:h-11 group-data-[collapsible=icon]/sidebar:w-11 group-data-[collapsible=icon]/sidebar:justify-center group-data-[collapsible=icon]/sidebar:gap-0 group-data-[collapsible=icon]/sidebar:self-center group-data-[collapsible=icon]/sidebar:px-0', isAccountActive && 'border-border-strong bg-surface-navigation-active hover:bg-surface-navigation-active', )}";"Inventaire automatique — voir le rapport pour les vérifications effectuées"
"src/components/Sidebar.tsx";"579";"Link";"aria-current={accountAriaCurrent} href=""/mon-compte"" onClick={() => setOpenMobile(false)} className=""min-w-0""";"Inventaire automatique — voir le rapport pour les vérifications effectuées"
"src/components/ui/alert-dialog.tsx";"10";"AlertDialogPrimitive.Root";"data-slot=""alert-dialog"" {...props}";"Inventaire automatique — voir le rapport pour les vérifications effectuées"
"src/components/ui/alert-dialog.tsx";"17";"AlertDialogPrimitive.Trigger";"data-slot=""alert-dialog-trigger"" {...props}";"Inventaire automatique — voir le rapport pour les vérifications effectuées"
"src/components/ui/alert-dialog.tsx";"25";"AlertDialogPrimitive.Portal";"data-slot=""alert-dialog-portal"" {...props}";"Inventaire automatique — voir le rapport pour les vérifications effectuées"
"src/components/ui/alert-dialog.tsx";"34";"AlertDialogPrimitive.Overlay";"data-slot=""alert-dialog-overlay"" className={cn( 'data-[state=open]:animate-in data-[state=closed]:animate-out data-[state=closed]:fade-out-0 data-[state=open]:fade-in-0 bg-overlay/65 fixed inset-0 z-50 duration-200', className, )} {...props}";"Inventaire automatique — voir le rapport pour les vérifications effectuées"
"src/components/ui/alert-dialog.tsx";"50";"AlertDialogPortal";"";"Inventaire automatique — voir le rapport pour les vérifications effectuées"
"src/components/ui/alert-dialog.tsx";"51";"AlertDialogOverlay";"";"Inventaire automatique — voir le rapport pour les vérifications effectuées"
"src/components/ui/alert-dialog.tsx";"52";"AlertDialogPrimitive.Content";"data-slot=""alert-dialog-content"" className={cn( 'border-border-strong bg-surface text-popover-foreground data-[state=open]:animate-in data-[state=closed]:animate-out data-[state=closed]:fade-out-0 data-[state=open]:fade-in-0 data-[state=closed]:zoom-out-95 data-[state=open]:zoom-in-95 fixed top-[50%] left-[50%] z-50 grid max-h-[calc(100dvh-2rem)] w-full max-w-[calc(100%-2rem)] translate-x-[-50%] translate-y-[-50%] gap-4 overflow-y-auto overscroll-contain rounded-xl border p-5 shadow-[var(--shadow-panel-strong)] duration-200 sm:max-w-lg', className, )} {...props}";"Inventaire automatique — voir le rapport pour les vérifications effectuées"
"src/components/ui/alert-dialog.tsx";"98";"AlertDialogPrimitive.Title";"data-slot=""alert-dialog-title"" className={cn( 'text-lg leading-6 font-semibold tracking-normal [overflow-wrap:anywhere]', className, )} {...props}";"Inventaire automatique — voir le rapport pour les vérifications effectuées"
"src/components/ui/alert-dialog.tsx";"116";"AlertDialogPrimitive.Description";"data-slot=""alert-dialog-description"" className={cn( 'text-muted-foreground text-sm leading-6 [overflow-wrap:anywhere]', className, )} {...props}";"Inventaire automatique — voir le rapport pour les vérifications effectuées"
"src/components/ui/alert-dialog.tsx";"132";"AlertDialogPrimitive.Action";"className={cn(buttonVariants(), className)} {...props}";"Inventaire automatique — voir le rapport pour les vérifications effectuées"
"src/components/ui/alert-dialog.tsx";"144";"AlertDialogPrimitive.Cancel";"className={cn(buttonVariants({ variant: 'outline' }), className)} {...props}";"Inventaire automatique — voir le rapport pour les vérifications effectuées"
"src/components/ui/breadcrumb.tsx";"222";"DropdownMenuLabel";"";"Inventaire automatique — voir le rapport pour les vérifications effectuées"
"src/components/ui/breadcrumb.tsx";"229";"Link";"href={collapsedItem.href}";"Inventaire automatique — voir le rapport pour les vérifications effectuées"
"src/components/ui/breadcrumb.tsx";"249";"BreadcrumbLink";"asChild";"Inventaire automatique — voir le rapport pour les vérifications effectuées"
"src/components/ui/breadcrumb.tsx";"250";"Link";"className={cn( isFirst ? 'size-8 justify-center p-0' : 'max-w-40 sm:max-w-56', )} href={item.href}";"Inventaire automatique — voir le rapport pour les vérifications effectuées"
"src/components/ui/checkbox.tsx";"12";"CheckboxPrimitive.Root";"data-slot=""checkbox"" className={cn( ""peer border-border-control bg-input data-[state=checked]:border-primary data-[state=checked]:bg-primary data-[state=checked]:text-primary-foreground focus-visible:border-ring focus-visible:ring-ring/50 aria-invalid:border-destructive aria-invalid:ring-destructive/20 hover:border-ring/70 dark:data-[state=checked]:bg-primary dark:aria-invalid:ring-destructive/40 relative size-4 shrink-0 rounded-[4px] border shadow-none transition-[border-color,background-color,box-shadow] outline-none after:absolute after:-inset-3 after:content-[''] focus-visible:ring-[var(--ring-width)] disabled:cursor-not-allowed disabled:opacity-50 lg:after:inset-0"", className, )} {...props}";"Inventaire automatique — voir le rapport pour les vérifications effectuées"
"src/components/ui/checkbox.tsx";"20";"CheckboxPrimitive.Indicator";"data-slot=""checkbox-indicator"" className=""flex items-center justify-center text-current transition-none""";"Inventaire automatique — voir le rapport pour les vérifications effectuées"
"src/components/ui/command.tsx";"41";"CommandPrimitive.Input";"data-slot=""command-input"" className={cn( 'placeholder:text-muted-foreground flex h-11 w-full min-w-0 rounded-md bg-transparent py-3 text-base outline-none disabled:cursor-not-allowed disabled:opacity-50 lg:text-sm', className, )} {...props}";"Inventaire automatique — voir le rapport pour les vérifications effectuées"
"src/components/ui/data-table-section.tsx";"91";"DataTableDesktop";"className={cn(mobileList ? undefined : 'block', desktopClassName)}";"Inventaire automatique — voir le rapport pour les vérifications effectuées"
"src/components/ui/data-table-section.tsx";"97";"DataTableMobileList";"className={mobileClassName}";"Inventaire automatique — voir le rapport pour les vérifications effectuées"
"src/components/ui/data-table-section.tsx";"106";"Pagination";"{...pagination} className={cn( 'w-full rounded-none border-x-0 border-b-0 bg-transparent', pagination.className, )}";"Inventaire automatique — voir le rapport pour les vérifications effectuées"
"src/components/ui/dialog.tsx";"10";"DialogPrimitive.Root";"data-slot=""dialog"" {...props}";"Inventaire automatique — voir le rapport pour les vérifications effectuées"
"src/components/ui/dialog.tsx";"16";"DialogPrimitive.Trigger";"data-slot=""dialog-trigger"" {...props}";"Inventaire automatique — voir le rapport pour les vérifications effectuées"
"src/components/ui/dialog.tsx";"22";"DialogPrimitive.Portal";"data-slot=""dialog-portal"" {...props}";"Inventaire automatique — voir le rapport pour les vérifications effectuées"
"src/components/ui/dialog.tsx";"28";"DialogPrimitive.Close";"data-slot=""dialog-close"" {...props}";"Inventaire automatique — voir le rapport pour les vérifications effectuées"
"src/components/ui/dialog.tsx";"36";"DialogPrimitive.Overlay";"className={cn( 'data-[state=open]:animate-in data-[state=closed]:animate-out data-[state=closed]:fade-out-0 data-[state=open]:fade-in-0 bg-overlay/65 fixed inset-0 z-50 duration-200', className, )} {...props}";"Inventaire automatique — voir le rapport pour les vérifications effectuées"
"src/components/ui/dialog.tsx";"59";"DialogPortal";"";"Inventaire automatique — voir le rapport pour les vérifications effectuées"
"src/components/ui/dialog.tsx";"60";"DialogOverlay";"";"Inventaire automatique — voir le rapport pour les vérifications effectuées"
"src/components/ui/dialog.tsx";"71";"DialogPrimitive.Content";"className={cn( 'border-border-strong bg-surface text-popover-foreground data-[state=closed]:fade-out-0 data-[state=open]:fade-in-0 data-[state=closed]:zoom-out-95 data-[state=open]:zoom-in-95 data-[state=closed]:animate-out data-[state=open]:animate-in pointer-events-auto relative grid w-full max-w-lg overflow-y-auto overscroll-contain border p-5 shadow-[var(--shadow-panel-strong)] duration-200', centered ? 'max-h-[calc(100dvh-2rem)]' : 'max-h-[calc(92.5dvh-1rem)]', fullscreenOnMobile ? 'max-h-dvh sm:max-h-[calc(92.5dvh-1rem)] sm:rounded-xl' : 'rounded-xl', className, )} {...props}";"Inventaire automatique — voir le rapport pour les vérifications effectuées"
"src/components/ui/dialog.tsx";"86";"DialogPrimitive.Close";"className=""focus-visible:ring-ring focus-visible:ring-offset-background data-[state=open]:bg-surface-tile-hover data-[state=open]:text-muted-foreground hover:bg-surface-tile-hover hover:text-accent-foreground absolute top-2 right-2 inline-flex size-10 items-center justify-center rounded-lg opacity-70 transition-[background-color,color,opacity,box-shadow] hover:opacity-100 focus-visible:ring-2 focus-visible:ring-offset-2 focus-visible:outline-none disabled:pointer-events-none""";"Inventaire automatique — voir le rapport pour les vérifications effectuées"
"src/components/ui/dialog.tsx";"131";"DialogPrimitive.Title";"data-slot=""dialog-title"" className={cn( 'text-lg leading-6 font-semibold tracking-normal [overflow-wrap:anywhere]', className, )} {...props}";"Inventaire automatique — voir le rapport pour les vérifications effectuées"
"src/components/ui/dialog.tsx";"147";"DialogPrimitive.Description";"data-slot=""dialog-description"" className={cn( 'text-muted-foreground text-sm leading-6 [overflow-wrap:anywhere]', className, )} {...props}";"Inventaire automatique — voir le rapport pour les vérifications effectuées"
"src/components/ui/dropdown-menu.tsx";"111";"DropdownMenuPrimitive.CheckboxItem";"data-slot=""dropdown-menu-checkbox-item"" className={cn( ""focus:bg-surface-tile-hover focus:text-foreground relative flex min-h-10 cursor-default items-center gap-2 rounded-xl py-2 pr-2 pl-8 text-sm outline-hidden select-none data-[disabled]:pointer-events-none data-[disabled]:opacity-50 lg:min-h-0 lg:py-1.5 [&_svg]:pointer-events-none [&_svg]:shrink-0 [&_svg:not([class*='size-'])]:size-4"", className, )} checked={checked} {...props}";"Inventaire automatique — voir le rapport pour les vérifications effectuées"
"src/components/ui/dropdown-menu.tsx";"185";"DropdownMenuPrimitive.Label";"data-slot=""dropdown-menu-label"" data-inset={inset} className={cn( 'px-2 py-1.5 text-sm font-medium data-[inset]:pl-8', className, )} {...props}";"Inventaire automatique — voir le rapport pour les vérifications effectuées"
"src/components/ui/label.tsx";"17";"LabelPrimitive.Root";"data-slot=""label"" className={cn( 'flex items-center gap-2 text-sm leading-5 font-medium select-none group-data-[disabled=true]:pointer-events-none group-data-[disabled=true]:opacity-50 peer-disabled:cursor-not-allowed peer-disabled:opacity-50', className, )} {...props}";"Inventaire automatique — voir le rapport pour les vérifications effectuées"
"src/components/ui/pagination.tsx";"62";"Button";"variant=""ghost"" size=""icon"" className=""size-10 lg:size-8"" disabled={page <= 1} onClick={() => onPageChange(page - 1)} aria-label=""Page précédente""";"Inventaire automatique — voir le rapport pour les vérifications effectuées"
"src/components/ui/pagination.tsx";"90";"Button";"aria-current={p === page ? 'page' : undefined} aria-label={`Page ${p}`} key={p} variant=""navigation"" size=""icon"" className=""size-8 text-xs"" onClick={() => onPageChange(p)}";"Inventaire automatique — voir le rapport pour les vérifications effectuées"
"src/components/ui/pagination.tsx";"104";"Button";"variant=""ghost"" size=""icon"" className=""size-10 lg:size-8"" disabled={page >= totalPages} onClick={() => onPageChange(page + 1)} aria-label=""Page suivante""";"Inventaire automatique — voir le rapport pour les vérifications effectuées"
"src/components/ui/select.tsx";"10";"SelectPrimitive.Root";"data-slot=""select"" {...props}";"Inventaire automatique — voir le rapport pour les vérifications effectuées"
"src/components/ui/select.tsx";"16";"SelectPrimitive.Group";"data-slot=""select-group"" {...props}";"Inventaire automatique — voir le rapport pour les vérifications effectuées"
"src/components/ui/select.tsx";"22";"SelectPrimitive.Value";"data-slot=""select-value"" {...props}";"Inventaire automatique — voir le rapport pour les vérifications effectuées"
"src/components/ui/select.tsx";"33";"SelectPrimitive.Trigger";"data-slot=""select-trigger"" className={cn( ""border-border-control bg-input data-[placeholder]:text-muted-foreground focus-visible:border-ring focus-visible:ring-ring/25 aria-invalid:border-destructive aria-invalid:ring-destructive/20 hover:border-ring/70 hover:bg-surface-control-hover focus-visible:bg-surface-control-focus dark:aria-invalid:ring-destructive/40 [&_svg:not([class*='text-'])]:text-muted-foreground flex h-10 w-fit items-center justify-between gap-2 rounded-lg border px-3 py-2 text-sm whitespace-nowrap shadow-none transition-[background-color,border-color,color,box-shadow] outline-none focus-visible:ring-[var(--ring-width)] disabled:cursor-not-allowed disabled:opacity-50 *:data-[slot=select-value]:line-clamp-1 *:data-[slot=select-value]:flex *:data-[slot=select-value]:items-center *:data-[slot=select-value]:gap-2 lg:h-9 [&_svg]:pointer-events-none [&_svg]:shrink-0 [&_svg:not([class*='size-'])]:size-4"", className, )} {...props}";"Inventaire automatique — voir le rapport pour les vérifications effectuées"
"src/components/ui/select.tsx";"42";"SelectPrimitive.Icon";"asChild";"Inventaire automatique — voir le rapport pour les vérifications effectuées"
"src/components/ui/select.tsx";"58";"SelectPrimitive.Portal";"";"Inventaire automatique — voir le rapport pour les vérifications effectuées"
"src/components/ui/select.tsx";"59";"SelectPrimitive.Content";"data-slot=""select-content"" className={cn( 'border-border-default bg-popover text-popover-foreground data-[state=open]:animate-in data-[state=closed]:animate-out data-[state=closed]:fade-out-0 data-[state=open]:fade-in-0 data-[state=closed]:zoom-out-95 data-[state=open]:zoom-in-95 data-[side=bottom]:slide-in-from-top-2 data-[side=left]:slide-in-from-right-2 data-[side=right]:slide-in-from-left-2 data-[side=top]:slide-in-from-bottom-2 relative z-50 max-h-(--radix-select-content-available-height) max-w-[calc(100vw-2rem)] min-w-[8rem] overflow-x-hidden overflow-y-auto rounded-xl border shadow-[var(--shadow-panel-strong)]', position === 'popper' && 'data-[side=bottom]:translate-y-1 data-[side=left]:-translate-x-1 data-[side=right]:translate-x-1 data-[side=top]:-translate-y-1', className, )} position={position} {...props}";"Inventaire automatique — voir le rapport pour les vérifications effectuées"
"src/components/ui/select.tsx";"70";"SelectScrollUpButton";"";"Inventaire automatique — voir le rapport pour les vérifications effectuées"
"src/components/ui/select.tsx";"71";"SelectPrimitive.Viewport";"className={cn( 'p-2', position === 'popper' && 'h-[var(--radix-select-trigger-height)] w-full min-w-[var(--radix-select-trigger-width)] scroll-my-1', )}";"Inventaire automatique — voir le rapport pour les vérifications effectuées"
"src/components/ui/select.tsx";"80";"SelectScrollDownButton";"";"Inventaire automatique — voir le rapport pour les vérifications effectuées"
"src/components/ui/select.tsx";"90";"SelectPrimitive.Label";"data-slot=""select-label"" className={cn('px-2 py-1.5 text-sm font-medium', className)} {...props}";"Inventaire automatique — voir le rapport pour les vérifications effectuées"
"src/components/ui/select.tsx";"102";"SelectPrimitive.Item";"data-slot=""select-item"" className={cn( ""data-[state=checked]:bg-surface-navigation-active data-[state=checked]:text-foreground focus:bg-surface-tile-hover focus:text-accent-foreground data-[state=checked]:focus:bg-surface-navigation-active [&_svg:not([class*='text-'])]:text-muted-foreground relative flex min-h-10 w-full cursor-default items-center gap-2 rounded-lg py-2 pr-8 pl-2 text-sm outline-hidden select-none data-[disabled]:pointer-events-none data-[disabled]:opacity-50 lg:min-h-0 lg:py-1.5 [&_svg]:pointer-events-none [&_svg]:shrink-0 [&_svg:not([class*='size-'])]:size-4 *:[span]:last:flex *:[span]:last:items-center *:[span]:last:gap-2"", className, )} {...props}";"Inventaire automatique — voir le rapport pour les vérifications effectuées"
"src/components/ui/select.tsx";"111";"SelectPrimitive.ItemIndicator";"";"Inventaire automatique — voir le rapport pour les vérifications effectuées"
"src/components/ui/select.tsx";"115";"SelectPrimitive.ItemText";"";"Inventaire automatique — voir le rapport pour les vérifications effectuées"
"src/components/ui/select.tsx";"124";"SelectPrimitive.Separator";"data-slot=""select-separator"" className={cn( 'bg-border-divider pointer-events-none mx-2 my-1 h-px', className, )} {...props}";"Inventaire automatique — voir le rapport pour les vérifications effectuées"
"src/components/ui/select.tsx";"144";"SelectPrimitive.ScrollUpButton";"data-slot=""select-scroll-up-button"" className={cn( 'flex min-h-10 cursor-default items-center justify-center py-1 lg:min-h-0', className, )} {...props}";"Inventaire automatique — voir le rapport pour les vérifications effectuées"
"src/components/ui/select.tsx";"166";"SelectPrimitive.ScrollDownButton";"data-slot=""select-scroll-down-button"" className={cn( 'flex min-h-10 cursor-default items-center justify-center py-1 lg:min-h-0', className, )} {...props}";"Inventaire automatique — voir le rapport pour les vérifications effectuées"
"src/components/ui/sheet.tsx";"22";"DialogPrimitive.Overlay";"className={cn( 'data-[state=open]:animate-in data-[state=closed]:animate-out data-[state=closed]:fade-out-0 data-[state=open]:fade-in-0 bg-overlay/65 fixed inset-0 z-50 duration-200', className, )} {...props} ref={ref}";"Inventaire automatique — voir le rapport pour les vérifications effectuées"
"src/components/ui/sheet.tsx";"63";"DialogPrimitive.Content";"ref={ref} className={cn(sheetVariants({ side }), className)} {...props}";"Inventaire automatique — voir le rapport pour les vérifications effectuées"
"src/components/ui/sheet.tsx";"68";"DialogPrimitive.Close";"className=""focus-visible:ring-ring focus-visible:ring-offset-background data-[state=open]:bg-surface-tile-hover hover:bg-surface-tile-hover hover:text-accent-foreground absolute top-2 right-2 inline-flex size-10 items-center justify-center rounded-lg opacity-70 transition-[background-color,color,opacity,box-shadow] hover:opacity-100 focus-visible:ring-2 focus-visible:ring-offset-2 focus-visible:outline-none disabled:pointer-events-none""";"Inventaire automatique — voir le rapport pour les vérifications effectuées"
"src/components/ui/sheet.tsx";"107";"DialogPrimitive.Title";"ref={ref} className={cn( 'text-foreground text-lg leading-6 font-semibold tracking-normal [overflow-wrap:anywhere]', className, )} {...props}";"Inventaire automatique — voir le rapport pour les vérifications effectuées"
"src/components/ui/sheet.tsx";"122";"DialogPrimitive.Description";"ref={ref} className={cn( 'text-muted-foreground text-sm leading-6 [overflow-wrap:anywhere]', className, )} {...props}";"Inventaire automatique — voir le rapport pour les vérifications effectuées"
"src/components/ui/sidebar.tsx";"377";"Button";"aria-controls={SIDEBAR_ID} aria-expanded={isExpanded} aria-label={actionLabel} data-sidebar=""trigger"" data-slot=""sidebar-trigger"" type=""button"" variant=""ghost"" size=""icon"" className={cn('size-11 lg:size-10', className)} onClick={(event) => { onClick?.(event); toggleSidebar(); }} {...props}";"Inventaire automatique — voir le rapport pour les vérifications effectuées"
"src/components/ui/switch.tsx";"11";"SwitchPrimitive.Root";"data-slot=""switch"" className={cn( ""peer data-[state=checked]:bg-primary data-[state=unchecked]:bg-input focus-visible:border-ring focus-visible:ring-ring/50 dark:data-[state=unchecked]:bg-input/80 border-border-control data-[state=checked]:border-primary hover:border-ring/70 relative inline-flex h-[1.15rem] w-8 shrink-0 items-center rounded-full border shadow-none transition-[background-color,border-color,box-shadow] outline-none after:absolute after:-inset-x-1 after:-inset-y-3 after:content-[''] focus-visible:ring-[var(--ring-width)] disabled:cursor-not-allowed disabled:opacity-50 lg:after:inset-0"", className, )} {...props}";"Inventaire automatique — voir le rapport pour les vérifications effectuées"
"src/components/ui/switch.tsx";"19";"SwitchPrimitive.Thumb";"data-slot=""switch-thumb"" className={cn( 'bg-background dark:data-[state=unchecked]:bg-foreground dark:data-[state=checked]:bg-primary-foreground pointer-events-none block size-4 rounded-full ring-0 transition-transform data-[state=checked]:translate-x-[calc(100%-2px)] data-[state=unchecked]:translate-x-0', )}";"Inventaire automatique — voir le rapport pour les vérifications effectuées"
"src/components/ui/tabs.tsx";"19";"TabsPrimitive.Root";"data-slot=""tabs"" className={cn('flex flex-col gap-2', className)} {...props}";"Inventaire automatique — voir le rapport pour les vérifications effectuées"
"src/components/ui/tabs.tsx";"33";"TabsPrimitive.List";"data-slot=""tabs-list"" data-variant={variant} className={cn( 'group/tabs-list text-muted-foreground inline-flex w-fit items-center justify-start gap-1 shadow-none', variant === 'line' ? 'border-border-divider h-12 rounded-none border-b bg-transparent p-0' : 'border-border-default bg-surface-inset h-12 rounded-xl border p-1 lg:h-10', className, )} {...props}";"Inventaire automatique — voir le rapport pour les vérifications effectuées"
"src/components/ui/tabs.tsx";"58";"TabsList";"className={cn('w-max min-w-full sm:min-w-0', className)} {...props}";"Inventaire automatique — voir le rapport pour les vérifications effectuées"
"src/components/ui/tabs.tsx";"71";"TabsPrimitive.Trigger";"data-slot=""tabs-trigger"" className={cn( ""hover:bg-surface-navigation-hover hover:text-foreground data-[state=active]:border-border-default data-[state=active]:bg-surface-navigation-active data-[state=active]:text-foreground focus-visible:border-ring focus-visible:ring-ring/35 focus-visible:outline-ring inline-flex h-10 flex-1 items-center justify-center gap-1.5 rounded-lg border border-transparent px-3 py-1.5 text-sm font-medium whitespace-nowrap transition-[background-color,border-color,color,box-shadow] duration-150 focus-visible:ring-[var(--ring-width)] focus-visible:outline-1 disabled:pointer-events-none disabled:opacity-50 data-[state=active]:shadow-none lg:h-8 [&_svg]:pointer-events-none [&_svg]:shrink-0 [&_svg:not([class*='size-'])]:size-4"", 'group-data-[variant=line]/tabs-list:data-[state=active]:border-primary group-data-[variant=line]/tabs-list:h-12 group-data-[variant=line]/tabs-list:flex-none group-data-[variant=line]/tabs-list:rounded-none group-data-[variant=line]/tabs-list:border-0 group-data-[variant=line]/tabs-list:border-b-2 group-data-[variant=line]/tabs-list:focus-visible:ring-inset group-data-[variant=line]/tabs-list:data-[state=active]:bg-transparent', className, )} {...props}";"Inventaire automatique — voir le rapport pour les vérifications effectuées"
"src/components/ui/tabs.tsx";"88";"TabsPrimitive.Content";"data-slot=""tabs-content"" className={cn('flex-1 outline-none', className)} {...props}";"Inventaire automatique — voir le rapport pour les vérifications effectuées"
"src/components/users/PermissionDecisionButton.tsx";"47";"Button";"className={className} disabled={!decision.allowed} onClick={onClick} size={size} tabIndex={concealed ? -1 : undefined} type=""button"" variant={variant}";"Inventaire automatique — voir le rapport pour les vérifications effectuées"
"src/components/users/PermissionsEditor.tsx";"380";"h5";"className=""text-foreground text-sm font-semibold""";"Inventaire automatique — voir le rapport pour les vérifications effectuées"
"src/components/users/PermissionsEditor.tsx";"425";"Disclosure";"label=""Détails et héritage"" className=""w-fit max-w-full""";"Inventaire automatique — voir le rapport pour les vérifications effectuées"
"src/components/users/PermissionsEditor.tsx";"841";"h2";"className=""sr-only""";"Inventaire automatique — voir le rapport pour les vérifications effectuées"
"src/components/users/PermissionsEditor.tsx";"842";"section";"className=""border-border/55 bg-surface-muted overflow-hidden rounded-lg border""";"Inventaire automatique — voir le rapport pour les vérifications effectuées"
"src/components/users/PermissionsEditor.tsx";"846";"h3";"className=""text-foreground text-base leading-6 font-semibold""";"Inventaire automatique — voir le rapport pour les vérifications effectuées"
"src/components/users/PermissionsEditor.tsx";"879";"PermissionDecisionButton";"accessibleLabel=""Tout réinitialiser"" concealed={customPermissionCount === 0} decision={resetAllDecision} onClick={handleResetAllOverrides} variant=""ghost"" size=""sm"" className=""text-muted-foreground hover:text-foreground gap-1.5""";"Inventaire automatique — voir le rapport pour les vérifications effectuées"
"src/components/users/PermissionsEditor.tsx";"896";"section";"className=""border-border/60 bg-surface overflow-hidden rounded-lg border""";"Inventaire automatique — voir le rapport pour les vérifications effectuées"
"src/components/users/PermissionsEditor.tsx";"912";"h3";"className=""text-foreground text-base leading-6 font-semibold""";"Inventaire automatique — voir le rapport pour les vérifications effectuées"
"src/components/users/PermissionsEditor.tsx";"940";"Label";"htmlFor=""permission-pole"" className=""text-muted-foreground text-xs font-medium""";"Inventaire automatique — voir le rapport pour les vérifications effectuées"
"src/components/users/PermissionsEditor.tsx";"946";"Select";"value={selectedPole?.key} onValueChange={handlePoleChange}";"Inventaire automatique — voir le rapport pour les vérifications effectuées"
"src/components/users/PermissionsEditor.tsx";"950";"SelectTrigger";"id=""permission-pole"" className={permissionSelectTriggerClassName}";"Inventaire automatique — voir le rapport pour les vérifications effectuées"
"src/components/users/PermissionsEditor.tsx";"954";"SelectValue";"";"Inventaire automatique — voir le rapport pour les vérifications effectuées"
"src/components/users/PermissionsEditor.tsx";"956";"SelectVisualOption";"icon={selectedPole.icon} label={selectedPole.label} result={poleResultMap.get(selectedPole.key)} tone={selectedPole.tone}";"Inventaire automatique — voir le rapport pour les vérifications effectuées"
"src/components/users/PermissionsEditor.tsx";"965";"SelectContent";"className={permissionSelectContentClassName}";"Inventaire automatique — voir le rapport pour les vérifications effectuées"
"src/components/users/PermissionsEditor.tsx";"967";"SelectItem";"key={pole.key} value={pole.key} className={permissionSelectItemClassName}";"Inventaire automatique — voir le rapport pour les vérifications effectuées"
"src/components/users/PermissionsEditor.tsx";"972";"SelectVisualOption";"icon={pole.icon} label={pole.label} result={poleResultMap.get(pole.key)} tone={pole.tone}";"Inventaire automatique — voir le rapport pour les vérifications effectuées"
"src/components/users/PermissionsEditor.tsx";"984";"Label";"htmlFor=""permission-page"" className=""text-muted-foreground text-xs font-medium""";"Inventaire automatique — voir le rapport pour les vérifications effectuées"
"src/components/users/PermissionsEditor.tsx";"990";"Select";"value={selectedCategory.key} onValueChange={onSelectedPageChange}";"Inventaire automatique — voir le rapport pour les vérifications effectuées"
"src/components/users/PermissionsEditor.tsx";"994";"SelectTrigger";"id=""permission-page"" className={permissionSelectTriggerClassName}";"Inventaire automatique — voir le rapport pour les vérifications effectuées"
"src/components/users/PermissionsEditor.tsx";"998";"SelectValue";"";"Inventaire automatique — voir le rapport pour les vérifications effectuées"
"src/components/users/PermissionsEditor.tsx";"999";"SelectVisualOption";"icon={selectedCategory.icon} label={selectedCategory.label} result={selectedCategoryResult ?? undefined} tone={selectedCategory.tone}";"Inventaire automatique — voir le rapport pour les vérifications effectuées"
"src/components/users/PermissionsEditor.tsx";"1007";"SelectContent";"className={permissionSelectContentClassName}";"Inventaire automatique — voir le rapport pour les vérifications effectuées"
"src/components/users/PermissionsEditor.tsx";"1009";"SelectItem";"key={category.key} value={category.key} className={permissionSelectItemClassName}";"Inventaire automatique — voir le rapport pour les vérifications effectuées"
"src/components/users/PermissionsEditor.tsx";"1014";"SelectVisualOption";"icon={category.icon} label={category.label} result={categoryResultMap.get(category.key)} tone={category.tone}";"Inventaire automatique — voir le rapport pour les vérifications effectuées"
"src/components/users/PermissionsEditor.tsx";"1113";"PermissionDecisionButton";"accessibleLabel=""Réinitialiser cette page"" decision={resetSelectedCategoryDecision} onClick={() => handleResetCategoryOverrides(selectedCategory.key) } variant=""outline"" className=""justify-start gap-2""";"Inventaire automatique — voir le rapport pour les vérifications effectuées"
"src/components/users/PermissionsEditor.tsx";"1150";"h4";"className=""text-foreground text-sm font-semibold""";"Inventaire automatique — voir le rapport pour les vérifications effectuées"
"src/components/users/PermissionStatePicker.tsx";"93";"Button";"type=""button"" variant=""ghost"" size=""sm"" disabled={!decision.allowed} onClick={() => onChange(option.value)} className={cn( 'h-8 w-full rounded-md border px-2 text-xs font-medium', getStateButtonClassName(option.value, state), )} aria-pressed={state === option.value} aria-label={`${option.label} ${permissionLabel}`}";"Inventaire automatique — voir le rapport pour les vérifications effectuées"
"src/components/users/PermissionStatePicker.tsx";"139";"Button";"type=""button"" variant=""ghost"" size=""icon"" disabled={!resetDecision.allowed} onClick={onReset} className=""text-muted-foreground hover:text-foreground size-9"" aria-label={`Revenir au rôle pour ${permissionLabel}`}";"Inventaire automatique — voir le rapport pour les vérifications effectuées"
"src/components/users/user-detail/AdminMfaResetDialog.tsx";"102";"Dialog";"open={open} onOpenChange={(isOpen) => { if (!isOpen && !isSubmitting) onCancel(); }}";"Inventaire automatique — voir le rapport pour les vérifications effectuées"
"src/components/users/user-detail/AdminMfaResetDialog.tsx";"108";"DialogContent";"className=""p-0 sm:max-w-lg""";"Inventaire automatique — voir le rapport pour les vérifications effectuées"
"src/components/users/user-detail/AdminMfaResetDialog.tsx";"111";"DialogHeader";"";"Inventaire automatique — voir le rapport pour les vérifications effectuées"
"src/components/users/user-detail/AdminMfaResetDialog.tsx";"112";"DialogTitle";"className=""flex items-center gap-2""";"Inventaire automatique — voir le rapport pour les vérifications effectuées"
"src/components/users/user-detail/AdminMfaResetDialog.tsx";"118";"DialogDescription";"";"Inventaire automatique — voir le rapport pour les vérifications effectuées"
"src/components/users/user-detail/AdminMfaResetDialog.tsx";"125";"form";"className=""mt-4 space-y-4"" onSubmit={handleSubmit}";"Inventaire automatique — voir le rapport pour les vérifications effectuées"
"src/components/users/user-detail/AdminMfaResetDialog.tsx";"154";"Label";"htmlFor=""admin-mfa-reset-password"" required";"Inventaire automatique — voir le rapport pour les vérifications effectuées"
"src/components/users/user-detail/AdminMfaResetDialog.tsx";"157";"Input";"allowPasswordManager autoComplete=""current-password"" autoFocus disabled={isSubmitting} id=""admin-mfa-reset-password"" name=""current-password"" onChange={(event) => setCurrentPassword(event.target.value)} placeholder=""Confirme ton identité"" required type=""password"" value={currentPassword}";"Inventaire automatique — voir le rapport pour les vérifications effectuées"
"src/components/users/user-detail/AdminMfaResetDialog.tsx";"172";"MfaCodeInput";"disabled={isSubmitting} id=""admin-mfa-reset-code"" inputRef={totpInputRef} kind=""totp"" onChange={setCurrentTotpCode} value={currentTotpCode}";"Inventaire automatique — voir le rapport pour les vérifications effectuées"
"src/components/users/user-detail/AdminMfaResetDialog.tsx";"182";"Button";"className=""flex-1"" disabled={isSubmitting} onClick={onCancel} type=""button"" variant=""outline""";"Inventaire automatique — voir le rapport pour les vérifications effectuées"
"src/components/users/user-detail/AdminMfaResetDialog.tsx";"191";"Button";"className=""bg-warning text-warning-foreground hover:bg-warning/90 flex-1"" disabled={isSubmitting || !canSubmit} type=""submit""";"Inventaire automatique — voir le rapport pour les vérifications effectuées"
"src/components/users/user-detail/AdminStepUpDialog.tsx";"160";"Dialog";"open={open} onOpenChange={(isOpen) => { if (!isOpen && !submissionInFlightRef.current) onCancel(); }}";"Inventaire automatique — voir le rapport pour les vérifications effectuées"
"src/components/users/user-detail/AdminStepUpDialog.tsx";"166";"DialogContent";"className=""p-0 sm:max-w-lg""";"Inventaire automatique — voir le rapport pour les vérifications effectuées"
"src/components/users/user-detail/AdminStepUpDialog.tsx";"169";"DialogHeader";"";"Inventaire automatique — voir le rapport pour les vérifications effectuées"
"src/components/users/user-detail/AdminStepUpDialog.tsx";"170";"DialogTitle";"className=""flex items-center gap-2""";"Inventaire automatique — voir le rapport pour les vérifications effectuées"
"src/components/users/user-detail/AdminStepUpDialog.tsx";"176";"DialogDescription";"";"Inventaire automatique — voir le rapport pour les vérifications effectuées"
"src/components/users/user-detail/AdminStepUpDialog.tsx";"179";"form";"className=""mt-4 space-y-4"" onSubmit={handleSubmit}";"Inventaire automatique — voir le rapport pour les vérifications effectuées"
"src/components/users/user-detail/AdminStepUpDialog.tsx";"210";"Label";"htmlFor=""admin-step-up-password"" required";"Inventaire automatique — voir le rapport pour les vérifications effectuées"
"src/components/users/user-detail/AdminStepUpDialog.tsx";"213";"Input";"allowPasswordManager autoComplete=""current-password"" autoFocus disabled={isSubmitting} id=""admin-step-up-password"" name=""current-password"" onChange={(event) => setCurrentPassword(event.target.value)} ref={passwordInputRef} required type=""password"" value={currentPassword}";"Inventaire automatique — voir le rapport pour les vérifications effectuées"
"src/components/users/user-detail/AdminStepUpDialog.tsx";"230";"MfaCodeInput";"autoFocus={!requiresPassword} disabled={isSubmitting} id=""admin-step-up-code"" inputRef={totpInputRef} kind=""totp"" onChange={setCurrentTotpCode} value={currentTotpCode}";"Inventaire automatique — voir le rapport pour les vérifications effectuées"
"src/components/users/user-detail/AdminStepUpDialog.tsx";"242";"Button";"className=""flex-1"" disabled={isSubmitting} onClick={onCancel} type=""button"" variant=""outline""";"Inventaire automatique — voir le rapport pour les vérifications effectuées"
"src/components/users/user-detail/AdminStepUpDialog.tsx";"251";"Button";"className=""flex-1"" disabled={isSubmitting || !canSubmit} type=""submit""";"Inventaire automatique — voir le rapport pour les vérifications effectuées"
"src/components/users/user-detail/UserAccessTab.tsx";"119";"h3";"className=""text-foreground text-base leading-6 font-semibold""";"Inventaire automatique — voir le rapport pour les vérifications effectuées"
"src/components/users/user-detail/UserAccessTab.tsx";"140";"Input";"value=""Super-administrateur"" disabled className=""border-border bg-surface-control h-8 min-w-0""";"Inventaire automatique — voir le rapport pour les vérifications effectuées"
"src/components/users/user-detail/UserAccessTab.tsx";"233";"Label";"htmlFor=""user-role"" className=""text-muted-foreground text-xs whitespace-nowrap""";"Inventaire automatique — voir le rapport pour les vérifications effectuées"
"src/components/users/user-detail/UserAccessTab.tsx";"240";"Input";"id=""user-role"" value=""Super-administrateur"" disabled className=""border-border bg-surface-control h-8 min-w-0""";"Inventaire automatique — voir le rapport pour les vérifications effectuées"
"src/components/users/user-detail/UserAccessTab.tsx";"248";"Select";"value={role} onValueChange={(value) => setRole(value as UserRole)} disabled={!canEditRole}";"Inventaire automatique — voir le rapport pour les vérifications effectuées"
"src/components/users/user-detail/UserAccessTab.tsx";"253";"SelectTrigger";"id=""user-role"" aria-describedby={ canEditRole && user.criticalAccessReady !== true ? 'user-role-mfa-requirement' : undefined } className=""border-border bg-surface-control h-8 min-w-36""";"Inventaire automatique — voir le rapport pour les vérifications effectuées"
"src/components/users/user-detail/UserAccessTab.tsx";"262";"SelectValue";"";"Inventaire automatique — voir le rapport pour les vérifications effectuées"
"src/components/users/user-detail/UserAccessTab.tsx";"264";"SelectContent";"";"Inventaire automatique — voir le rapport pour les vérifications effectuées"
"src/components/users/user-detail/UserAccessTab.tsx";"265";"SelectItem";"value=""USER""";"Inventaire automatique — voir le rapport pour les vérifications effectuées"
"src/components/users/user-detail/UserAccessTab.tsx";"266";"SelectItem";"disabled={user.criticalAccessReady !== true} value=""ADMIN""";"Inventaire automatique — voir le rapport pour les vérifications effectuées"
"src/components/users/user-detail/UserAccessTab.tsx";"306";"Button";"type=""button"" variant=""outline"" size=""sm"" onClick={onCancel} disabled={!hasChanges || isSaving}";"Inventaire automatique — voir le rapport pour les vérifications effectuées"
"src/components/users/user-detail/UserAccessTab.tsx";"315";"Button";"type=""button"" onClick={onSave} disabled={isSaving || !canSave} size=""sm"" className=""bg-primary text-primary-foreground hover:bg-primary/90""";"Inventaire automatique — voir le rapport pour les vérifications effectuées"
"src/components/users/user-detail/UserAccountTab.tsx";"161";"h3";"className=""text-foreground text-sm font-semibold""";"Inventaire automatique — voir le rapport pour les vérifications effectuées"
"src/components/users/user-detail/UserAccountTab.tsx";"164";"Switch";"checked={isAllowed} onCheckedChange={onChange} disabled={!canManagePermissions || isSaving} aria-label={permission.label} aria-describedby={`account-permission-${permission.key}-description account-permission-${permission.key}-state`} className=""shrink-0""";"Inventaire automatique — voir le rapport pour les vérifications effectuées"
"src/components/users/user-detail/UserAccountTab.tsx";"291";"h2";"className=""text-foreground text-base leading-6 font-semibold""";"Inventaire automatique — voir le rapport pour les vérifications effectuées"
"src/components/users/user-detail/UserAccountTab.tsx";"321";"h2";"className=""text-foreground text-base font-semibold"" id=""account-autonomy-title""";"Inventaire automatique — voir le rapport pour les vérifications effectuées"
"src/components/users/user-detail/UserAccountTab.tsx";"341";"section";"aria-label=""Options configurables""";"Inventaire automatique — voir le rapport pour les vérifications effectuées"
"src/components/users/user-detail/UserAccountTab.tsx";"371";"Button";"type=""button"" variant=""ghost"" size=""inline"" className=""text-muted-foreground hover:text-foreground focus-visible:ring-ring/40 -mx-1 flex min-h-10 w-full items-center gap-2 rounded-md px-1 text-left transition-colors focus-visible:ring-2 focus-visible:outline-none""";"Inventaire automatique — voir le rapport pour les vérifications effectuées"
"src/components/users/user-detail/UserAccountTab.tsx";"414";"Button";"type=""button"" variant=""outline"" size=""sm"" onClick={handleResetPersonalPermissions} disabled={isSaving}";"Inventaire automatique — voir le rapport pour les vérifications effectuées"
"src/components/users/user-detail/UserAccountTab.tsx";"427";"Button";"type=""button"" variant=""outline"" size=""sm"" onClick={onCancel} disabled={isSaving}";"Inventaire automatique — voir le rapport pour les vérifications effectuées"
"src/components/users/user-detail/UserAccountTab.tsx";"436";"Button";"type=""button"" onClick={onSave} disabled={isSaving || !canSave} size=""sm"" className=""bg-primary text-primary-foreground hover:bg-primary/90""";"Inventaire automatique — voir le rapport pour les vérifications effectuées"
"src/components/users/user-detail/UserDeletionCard.tsx";"29";"h3";"id=""user-security-danger-heading"" className=""text-destructive flex items-center gap-2 text-sm font-semibold""";"Inventaire automatique — voir le rapport pour les vérifications effectuées"
"src/components/users/user-detail/UserDeletionCard.tsx";"33";"Trash2";"className=""size-4""";"Inventaire automatique — voir le rapport pour les vérifications effectuées"
"src/components/users/user-detail/UserDeletionCard.tsx";"55";"Button";"type=""button"" variant=""destructive"" onClick={onDeleteUser} aria-describedby=""delete-user-requirement"" disabled={userIsActive || hasStatusChanges || isSaving} className=""shrink-0""";"Inventaire automatique — voir le rapport pour les vérifications effectuées"
"src/components/users/user-detail/UserHistoryTab.tsx";"1492";"Button";"variant=""ghost"" size=""inline"" type=""button"" aria-expanded={isOpen} className=""group w-full cursor-pointer text-left"" onClick={onToggle}";"Inventaire automatique — voir le rapport pour les vérifications effectuées"
"src/components/users/user-detail/UserHistoryTab.tsx";"1640";"section";"";"Inventaire automatique — voir le rapport pour les vérifications effectuées"
"src/components/users/user-detail/UserHistoryTab.tsx";"1664";"Disclosure";"label=""Détails techniques"" icon={<Key aria-hidden=""true"" className=""size-3"" />}";"Inventaire automatique — voir le rapport pour les vérifications effectuées"
"src/components/users/user-detail/UserHistoryTab.tsx";"2050";"h2";"className=""sr-only""";"Inventaire automatique — voir le rapport pour les vérifications effectuées"
"src/components/users/user-detail/UserHistoryTab.tsx";"2064";"h2";"className=""sr-only""";"Inventaire automatique — voir le rapport pour les vérifications effectuées"
"src/components/users/user-detail/UserHistoryTab.tsx";"2072";"h3";"className=""text-foreground mt-5 text-base leading-6 font-semibold""";"Inventaire automatique — voir le rapport pour les vérifications effectuées"
"src/components/users/user-detail/UserHistoryTab.tsx";"2077";"Button";"className=""mt-4"" onClick={onRetry} variant=""outline""";"Inventaire automatique — voir le rapport pour les vérifications effectuées"
"src/components/users/user-detail/UserHistoryTab.tsx";"2091";"h2";"className=""sr-only""";"Inventaire automatique — voir le rapport pour les vérifications effectuées"
"src/components/users/user-detail/UserHistoryTab.tsx";"2096";"h3";"className=""text-foreground mt-6 text-base leading-6 font-semibold""";"Inventaire automatique — voir le rapport pour les vérifications effectuées"
"src/components/users/user-detail/UserHistoryTab.tsx";"2120";"Button";"onClick={onRetry} size=""sm"" variant=""outline""";"Inventaire automatique — voir le rapport pour les vérifications effectuées"
"src/components/users/user-detail/UserHistoryTab.tsx";"2132";"h2";"id=""managed-activity-heading"" className=""text-foreground text-base leading-6 font-semibold""";"Inventaire automatique — voir le rapport pour les vérifications effectuées"
"src/components/users/user-detail/UserHistoryTab.tsx";"2158";"Select";"value={dateFilter} onValueChange={handleDateFilterChange}";"Inventaire automatique — voir le rapport pour les vérifications effectuées"
"src/components/users/user-detail/UserHistoryTab.tsx";"2162";"SelectTrigger";"aria-label=""Filtrer par période"" className={activitySelectTriggerClassName}";"Inventaire automatique — voir le rapport pour les vérifications effectuées"
"src/components/users/user-detail/UserHistoryTab.tsx";"2166";"SelectValue";"placeholder=""Période""";"Inventaire automatique — voir le rapport pour les vérifications effectuées"
"src/components/users/user-detail/UserHistoryTab.tsx";"2168";"SelectContent";"className={activitySelectContentClassName}";"Inventaire automatique — voir le rapport pour les vérifications effectuées"
"src/components/users/user-detail/UserHistoryTab.tsx";"2170";"SelectItem";"key={filter.value} value={filter.value} className={activitySelectItemClassName}";"Inventaire automatique — voir le rapport pour les vérifications effectuées"
"src/components/users/user-detail/UserHistoryTab.tsx";"2181";"Button";"variant=""ghost"" size=""sm"" className={cn( 'text-muted-foreground h-11 gap-1.5', !hasActiveFilters && 'invisible', )} disabled={!hasActiveFilters} onClick={handleResetFilters}";"Inventaire automatique — voir le rapport pour les vérifications effectuées"
"src/components/users/user-detail/UserHistoryTab.tsx";"2195";"Button";"variant=""outline"" size=""sm"" className=""h-11 gap-1.5"" onClick={handleExport} disabled={filteredLogs.length === 0 || isExporting}";"Inventaire automatique — voir le rapport pour les vérifications effectuées"
"src/components/users/user-detail/UserHistoryTab.tsx";"2214";"section";"aria-labelledby={ isPersonalPerspective ? undefined : 'managed-activity-heading' }";"Inventaire automatique — voir le rapport pour les vérifications effectuées"
"src/components/users/user-detail/UserHistoryTab.tsx";"2222";"h2";"className=""text-foreground text-base leading-6 font-semibold""";"Inventaire automatique — voir le rapport pour les vérifications effectuées"
"src/components/users/user-detail/UserHistoryTab.tsx";"2254";"Button";"variant=""ghost"" size=""inline"" key={scope.value} type=""button"" aria-pressed={isActiveScope} onClick={() => handleActivityScopeChange(scope.value) } className={cn( 'text-muted-foreground hover:text-foreground min-h-11 rounded-md px-2 text-xs font-medium transition-colors sm:text-sm', isActiveScope && 'bg-surface-navigation-active text-foreground shadow-none', )}";"Inventaire automatique — voir le rapport pour les vérifications effectuées"
"src/components/users/user-detail/UserHistoryTab.tsx";"2277";"Label";"htmlFor=""personal-activity-period"" className=""text-muted-foreground block text-xs font-medium""";"Inventaire automatique — voir le rapport pour les vérifications effectuées"
"src/components/users/user-detail/UserHistoryTab.tsx";"2283";"Select";"value={dateFilter} onValueChange={handleDateFilterChange}";"Inventaire automatique — voir le rapport pour les vérifications effectuées"
"src/components/users/user-detail/UserHistoryTab.tsx";"2287";"SelectTrigger";"id=""personal-activity-period"" className={activitySelectTriggerClassName}";"Inventaire automatique — voir le rapport pour les vérifications effectuées"
"src/components/users/user-detail/UserHistoryTab.tsx";"2291";"SelectValue";"placeholder=""Période""";"Inventaire automatique — voir le rapport pour les vérifications effectuées"
"src/components/users/user-detail/UserHistoryTab.tsx";"2293";"SelectContent";"className={activitySelectContentClassName}";"Inventaire automatique — voir le rapport pour les vérifications effectuées"
"src/components/users/user-detail/UserHistoryTab.tsx";"2295";"SelectItem";"key={filter.value} value={filter.value} className={activitySelectItemClassName}";"Inventaire automatique — voir le rapport pour les vérifications effectuées"
"src/components/users/user-detail/UserHistoryTab.tsx";"2310";"Button";"type=""button"" variant=""ghost"" size=""inline"" className=""text-muted-foreground hover:text-foreground flex min-h-11 w-full items-center gap-2 px-3 text-sm font-medium transition-colors""";"Inventaire automatique — voir le rapport pour les vérifications effectuées"
"src/components/users/user-detail/UserHistoryTab.tsx";"2332";"Label";"htmlFor=""personal-activity-pole"" className=""text-muted-foreground text-xs font-medium""";"Inventaire automatique — voir le rapport pour les vérifications effectuées"
"src/components/users/user-detail/UserHistoryTab.tsx";"2338";"Select";"value={poleFilter} onValueChange={handlePoleFilterChange}";"Inventaire automatique — voir le rapport pour les vérifications effectuées"
"src/components/users/user-detail/UserHistoryTab.tsx";"2342";"SelectTrigger";"id=""personal-activity-pole"" className={activitySelectTriggerClassName}";"Inventaire automatique — voir le rapport pour les vérifications effectuées"
"src/components/users/user-detail/UserHistoryTab.tsx";"2346";"SelectValue";"";"Inventaire automatique — voir le rapport pour les vérifications effectuées"
"src/components/users/user-detail/UserHistoryTab.tsx";"2347";"ActivitySelectVisualOption";"icon={selectedPoleOption.icon} label={selectedPoleOption.label} count={selectedPoleOption.count} tone={selectedPoleOption.tone}";"Inventaire automatique — voir le rapport pour les vérifications effectuées"
"src/components/users/user-detail/UserHistoryTab.tsx";"2355";"SelectContent";"className={activitySelectContentClassName}";"Inventaire automatique — voir le rapport pour les vérifications effectuées"
"src/components/users/user-detail/UserHistoryTab.tsx";"2359";"SelectItem";"key={filter.value} value={filter.value} className={activitySelectItemClassName}";"Inventaire automatique — voir le rapport pour les vérifications effectuées"
"src/components/users/user-detail/UserHistoryTab.tsx";"2364";"ActivitySelectVisualOption";"icon={filter.icon} label={filter.label} count={filter.count} tone={filter.tone}";"Inventaire automatique — voir le rapport pour les vérifications effectuées"
"src/components/users/user-detail/UserHistoryTab.tsx";"2376";"Label";"htmlFor=""personal-activity-page"" className=""text-muted-foreground text-xs font-medium""";"Inventaire automatique — voir le rapport pour les vérifications effectuées"
"src/components/users/user-detail/UserHistoryTab.tsx";"2382";"Select";"value={effectivePageFilter} onValueChange={handlePageFilterChange} disabled={isPageFilterLocked}";"Inventaire automatique — voir le rapport pour les vérifications effectuées"
"src/components/users/user-detail/UserHistoryTab.tsx";"2387";"SelectTrigger";"id=""personal-activity-page"" className={cn( activitySelectTriggerClassName, isPageFilterLocked && 'opacity-70', )}";"Inventaire automatique — voir le rapport pour les vérifications effectuées"
"src/components/users/user-detail/UserHistoryTab.tsx";"2394";"SelectValue";"";"Inventaire automatique — voir le rapport pour les vérifications effectuées"
"src/components/users/user-detail/UserHistoryTab.tsx";"2395";"ActivitySelectVisualOption";"icon={selectedPageOption.icon} label={selectedPageOption.label} count={selectedPageOption.count} tone={selectedPageOption.tone}";"Inventaire automatique — voir le rapport pour les vérifications effectuées"
"src/components/users/user-detail/UserHistoryTab.tsx";"2403";"SelectContent";"className={activitySelectContentClassName}";"Inventaire automatique — voir le rapport pour les vérifications effectuées"
"src/components/users/user-detail/UserHistoryTab.tsx";"2407";"SelectItem";"key={filter.value} value={filter.value} className={activitySelectItemClassName}";"Inventaire automatique — voir le rapport pour les vérifications effectuées"
"src/components/users/user-detail/UserHistoryTab.tsx";"2412";"ActivitySelectVisualOption";"icon={filter.icon} label={filter.label} count={filter.count} tone={filter.tone}";"Inventaire automatique — voir le rapport pour les vérifications effectuées"
"src/components/users/user-detail/UserHistoryTab.tsx";"2429";"Button";"variant=""ghost"" size=""sm"" className=""text-muted-foreground h-11 gap-1.5"" onClick={handleResetFilters}";"Inventaire automatique — voir le rapport pour les vérifications effectuées"
"src/components/users/user-detail/UserHistoryTab.tsx";"2440";"Button";"variant=""outline"" size=""sm"" className=""h-11 gap-1.5"" onClick={handleExport} disabled={filteredLogs.length === 0 || isExporting}";"Inventaire automatique — voir le rapport pour les vérifications effectuées"
"src/components/users/user-detail/UserHistoryTab.tsx";"2475";"Button";"variant=""ghost"" size=""inline"" key={scope.value} type=""button"" aria-pressed={isActiveScope} title={scope.description} onClick={() => handleActivityScopeChange(scope.value)} className={cn( 'text-muted-foreground hover:text-foreground flex min-h-11 min-w-0 items-center justify-center gap-1.5 rounded-md px-2 text-xs font-medium transition-colors sm:text-sm', isActiveScope && 'bg-surface-navigation-active text-foreground shadow-none', )}";"Inventaire automatique — voir le rapport pour les vérifications effectuées"
"src/components/users/user-detail/UserHistoryTab.tsx";"2507";"Label";"htmlFor=""activity-pole"" className=""text-muted-foreground text-xs font-medium""";"Inventaire automatique — voir le rapport pour les vérifications effectuées"
"src/components/users/user-detail/UserHistoryTab.tsx";"2513";"Select";"value={poleFilter} onValueChange={handlePoleFilterChange}";"Inventaire automatique — voir le rapport pour les vérifications effectuées"
"src/components/users/user-detail/UserHistoryTab.tsx";"2517";"SelectTrigger";"id=""activity-pole"" className={activitySelectTriggerClassName}";"Inventaire automatique — voir le rapport pour les vérifications effectuées"
"src/components/users/user-detail/UserHistoryTab.tsx";"2521";"SelectValue";"";"Inventaire automatique — voir le rapport pour les vérifications effectuées"
"src/components/users/user-detail/UserHistoryTab.tsx";"2522";"ActivitySelectVisualOption";"icon={selectedPoleOption.icon} label={selectedPoleOption.label} count={selectedPoleOption.count} tone={selectedPoleOption.tone}";"Inventaire automatique — voir le rapport pour les vérifications effectuées"
"src/components/users/user-detail/UserHistoryTab.tsx";"2530";"SelectContent";"className={activitySelectContentClassName}";"Inventaire automatique — voir le rapport pour les vérifications effectuées"
"src/components/users/user-detail/UserHistoryTab.tsx";"2532";"SelectItem";"key={filter.value} value={filter.value} className={activitySelectItemClassName}";"Inventaire automatique — voir le rapport pour les vérifications effectuées"
"src/components/users/user-detail/UserHistoryTab.tsx";"2537";"ActivitySelectVisualOption";"icon={filter.icon} label={filter.label} count={filter.count} tone={filter.tone}";"Inventaire automatique — voir le rapport pour les vérifications effectuées"
"src/components/users/user-detail/UserHistoryTab.tsx";"2549";"Label";"htmlFor=""activity-page"" className=""text-muted-foreground text-xs font-medium""";"Inventaire automatique — voir le rapport pour les vérifications effectuées"
"src/components/users/user-detail/UserHistoryTab.tsx";"2555";"Select";"value={effectivePageFilter} onValueChange={handlePageFilterChange} disabled={isPageFilterLocked}";"Inventaire automatique — voir le rapport pour les vérifications effectuées"
"src/components/users/user-detail/UserHistoryTab.tsx";"2560";"SelectTrigger";"id=""activity-page"" className={cn( activitySelectTriggerClassName, isPageFilterLocked && 'opacity-70', )}";"Inventaire automatique — voir le rapport pour les vérifications effectuées"
"src/components/users/user-detail/UserHistoryTab.tsx";"2567";"SelectValue";"";"Inventaire automatique — voir le rapport pour les vérifications effectuées"
"src/components/users/user-detail/UserHistoryTab.tsx";"2568";"ActivitySelectVisualOption";"icon={selectedPageOption.icon} label={selectedPageOption.label} count={selectedPageOption.count} tone={selectedPageOption.tone}";"Inventaire automatique — voir le rapport pour les vérifications effectuées"
"src/components/users/user-detail/UserHistoryTab.tsx";"2576";"SelectContent";"className={activitySelectContentClassName}";"Inventaire automatique — voir le rapport pour les vérifications effectuées"
"src/components/users/user-detail/UserHistoryTab.tsx";"2578";"SelectItem";"key={filter.value} value={filter.value} className={activitySelectItemClassName}";"Inventaire automatique — voir le rapport pour les vérifications effectuées"
"src/components/users/user-detail/UserHistoryTab.tsx";"2583";"ActivitySelectVisualOption";"icon={filter.icon} label={filter.label} count={filter.count} tone={filter.tone}";"Inventaire automatique — voir le rapport pour les vérifications effectuées"
"src/components/users/user-detail/UserHistoryTab.tsx";"2659";"Button";"variant=""outline"" size=""sm"" className=""border-border rounded-lg"" onClick={() => setShowCount((c) => c + 20)}";"Inventaire automatique — voir le rapport pour les vérifications effectuées"
"src/components/users/user-detail/UserHistoryTab.tsx";"2674";"Button";"variant=""outline"" size=""sm"" className=""border-border min-h-11 rounded-lg"" onClick={onLoadMore} disabled={isLoadingMore || !onLoadMore}";"Inventaire automatique — voir le rapport pour les vérifications effectuées"
"src/components/users/user-detail/UserProfileTab.tsx";"167";"h2";"className=""text-sm font-semibold""";"Inventaire automatique — voir le rapport pour les vérifications effectuées"
"src/components/users/user-detail/UserProfileTab.tsx";"201";"h2";"className=""text-sm font-semibold""";"Inventaire automatique — voir le rapport pour les vérifications effectuées"
"src/components/users/user-detail/UserProfileTab.tsx";"203";"Button";"onClick={() => setIsEditing(true)} size=""sm"" type=""button"" variant=""outline""";"Inventaire automatique — voir le rapport pour les vérifications effectuées"
"src/components/users/user-detail/UserProfileTab.tsx";"254";"form";"{...passwordManagerIgnoreAttributes} onSubmit={handleSubmit}";"Inventaire automatique — voir le rapport pour les vérifications effectuées"
"src/components/users/user-detail/UserProfileTab.tsx";"257";"h2";"className=""text-sm font-semibold""";"Inventaire automatique — voir le rapport pour les vérifications effectuées"
"src/components/users/user-detail/UserProfileTab.tsx";"276";"Label";"htmlFor=""user-first-name"" className=""text-muted-foreground text-xs"" required";"Inventaire automatique — voir le rapport pour les vérifications effectuées"
"src/components/users/user-detail/UserProfileTab.tsx";"283";"Input";"id=""user-first-name"" value={form.firstName} maxLength={50} {...passwordManagerIgnoreAttributes} placeholder=""Jean"" onChange={(event) => setForm({ ...form, firstName: event.target.value }) } disabled={!canEdit} aria-invalid={!!errors.firstName} aria-describedby={ errors.firstName ? 'user-first-name-error' : undefined } className={inputClassName}";"Inventaire automatique — voir le rapport pour les vérifications effectuées"
"src/components/users/user-detail/UserProfileTab.tsx";"306";"Label";"htmlFor=""user-last-name"" className=""text-muted-foreground text-xs"" required";"Inventaire automatique — voir le rapport pour les vérifications effectuées"
"src/components/users/user-detail/UserProfileTab.tsx";"313";"Input";"id=""user-last-name"" value={form.lastName} maxLength={50} {...passwordManagerIgnoreAttributes} placeholder=""Dupont"" onChange={(event) => setForm({ ...form, lastName: event.target.value }) } disabled={!canEdit} aria-invalid={!!errors.lastName} aria-describedby={ errors.lastName ? 'user-last-name-error' : undefined } className={inputClassName}";"Inventaire automatique — voir le rapport pour les vérifications effectuées"
"src/components/users/user-detail/UserProfileTab.tsx";"344";"Label";"htmlFor=""user-login-name"" className=""text-muted-foreground text-xs"" required";"Inventaire automatique — voir le rapport pour les vérifications effectuées"
"src/components/users/user-detail/UserProfileTab.tsx";"351";"Input";"aria-describedby={ errors.loginName ? 'user-login-name-error' : 'user-login-name-hint' } aria-invalid={!!errors.loginName} autoCapitalize=""none"" autoCorrect=""off"" disabled={!canEditLogin} id=""user-login-name"" maxLength={32} {...passwordManagerIgnoreAttributes} placeholder=""jean.dupont"" spellCheck={false} type=""text"" value={form.loginName} onChange={(event) => setForm({ ...form, loginName: event.target.value.toLowerCase(), }) } className={`${inputClassName} font-mono`}";"Inventaire automatique — voir le rapport pour les vérifications effectuées"
"src/components/users/user-detail/UserProfileTab.tsx";"392";"Label";"htmlFor=""user-contact-email"" className=""text-muted-foreground text-xs""";"Inventaire automatique — voir le rapport pour les vérifications effectuées"
"src/components/users/user-detail/UserProfileTab.tsx";"401";"Input";"aria-describedby={ errors.contactEmail ? 'user-contact-email-error' : 'user-contact-email-hint' } aria-invalid={!!errors.contactEmail} disabled={!canEditContact} id=""user-contact-email"" maxLength={254} {...passwordManagerIgnoreAttributes} placeholder=""Non renseigné"" type=""email"" value={form.contactEmail} onChange={(event) => setForm({ ...form, contactEmail: event.target.value }) } className={`${inputClassName} pl-9`}";"Inventaire automatique — voir le rapport pour les vérifications effectuées"
"src/components/users/user-detail/UserProfileTab.tsx";"434";"Button";"className=""h-auto px-0 text-xs"" disabled={isSaving} onClick={() => setContactRemovalIntent('stage')} type=""button"" variant=""link""";"Inventaire automatique — voir le rapport pour les vérifications effectuées"
"src/components/users/user-detail/UserProfileTab.tsx";"465";"Button";"type=""button"" variant=""outline"" size=""sm"" onClick={() => { onCancel(); setIsEditing(false); }} disabled={!hasChanges || isSaving}";"Inventaire automatique — voir le rapport pour les vérifications effectuées"
"src/components/users/user-detail/UserProfileTab.tsx";"477";"Button";"type=""submit"" size=""sm"" disabled={isSaving || !canSave} className=""bg-primary text-primary-foreground hover:bg-primary/90""";"Inventaire automatique — voir le rapport pour les vérifications effectuées"
"src/components/users/user-detail/UserProfileTab.tsx";"494";"AlertDialog";"open={contactRemovalIntent !== null} onOpenChange={(open) => { if (!open) setContactRemovalIntent(null); }}";"Inventaire automatique — voir le rapport pour les vérifications effectuées"
"src/components/users/user-detail/UserProfileTab.tsx";"500";"AlertDialogContent";"";"Inventaire automatique — voir le rapport pour les vérifications effectuées"
"src/components/users/user-detail/UserProfileTab.tsx";"501";"AlertDialogHeader";"";"Inventaire automatique — voir le rapport pour les vérifications effectuées"
"src/components/users/user-detail/UserProfileTab.tsx";"502";"AlertDialogTitle";"";"Inventaire automatique — voir le rapport pour les vérifications effectuées"
"src/components/users/user-detail/UserProfileTab.tsx";"505";"AlertDialogDescription";"";"Inventaire automatique — voir le rapport pour les vérifications effectuées"
"src/components/users/user-detail/UserProfileTab.tsx";"510";"AlertDialogFooter";"";"Inventaire automatique — voir le rapport pour les vérifications effectuées"
"src/components/users/user-detail/UserProfileTab.tsx";"511";"AlertDialogCancel";"";"Inventaire automatique — voir le rapport pour les vérifications effectuées"
"src/components/users/user-detail/UserProfileTab.tsx";"512";"AlertDialogAction";"className=""bg-destructive text-destructive-foreground hover:bg-destructive/90"" onClick={handleConfirmContactRemoval}";"Inventaire automatique — voir le rapport pour les vérifications effectuées"
"src/components/users/user-detail/UserSecurityTab.tsx";"193";"h3";"id={id} className=""text-foreground flex items-center gap-2 text-sm font-semibold""";"Inventaire automatique — voir le rapport pour les vérifications effectuées"
"src/components/users/user-detail/UserSecurityTab.tsx";"273";"Disclosure";"label=""Voir les limites de session"" className=""group/session mt-1.5 w-fit max-w-full""";"Inventaire automatique — voir le rapport pour les vérifications effectuées"
"src/components/users/user-detail/UserSecurityTab.tsx";"288";"Button";"type=""button"" variant=""outline"" size=""sm"" className=""self-end rounded-lg sm:self-auto"" onClick={() => onRequestRevoke(session)} disabled={disabled} aria-label={`Révoquer la session ${device} ${browser}`}";"Inventaire automatique — voir le rapport pour les vérifications effectuées"
"src/components/users/user-detail/UserSecurityTab.tsx";"371";"section";"aria-busy={isLoadingSessions || isAnySessionRevoking} aria-labelledby=""user-security-heading"" className=""space-y-3""";"Inventaire automatique — voir le rapport pour les vérifications effectuées"
"src/components/users/user-detail/UserSecurityTab.tsx";"376";"h2";"id=""user-security-heading"" className=""sr-only""";"Inventaire automatique — voir le rapport pour les vérifications effectuées"
"src/components/users/user-detail/UserSecurityTab.tsx";"407";"Button";"type=""button"" variant=""outline"" size=""icon"" className=""rounded-lg"" onClick={handleCopyTempPassword} aria-label=""Copier le mot de passe temporaire""";"Inventaire automatique — voir le rapport pour les vérifications effectuées"
"src/components/users/user-detail/UserSecurityTab.tsx";"422";"Button";"type=""button"" variant=""ghost"" size=""icon"" className=""rounded-lg"" onClick={onClearTempPassword} aria-label=""Masquer le mot de passe temporaire""";"Inventaire automatique — voir le rapport pour les vérifications effectuées"
"src/components/users/user-detail/UserSecurityTab.tsx";"457";"Label";"htmlFor=""user-active-switch"" className=""text-foreground text-sm font-medium""";"Inventaire automatique — voir le rapport pour les vérifications effectuées"
"src/components/users/user-detail/UserSecurityTab.tsx";"474";"Switch";"id=""user-active-switch"" checked={isActive} onCheckedChange={setIsActive} disabled={!canEditStatus || isSelf || isSaving} aria-describedby=""user-active-switch-description""";"Inventaire automatique — voir le rapport pour les vérifications effectuées"
"src/components/users/user-detail/UserSecurityTab.tsx";"502";"Button";"type=""button"" variant=""outline"" size=""sm"" onClick={onCancelStatus} disabled={!hasStatusChanges || isSaving}";"Inventaire automatique — voir le rapport pour les vérifications effectuées"
"src/components/users/user-detail/UserSecurityTab.tsx";"511";"Button";"type=""button"" size=""sm"" onClick={onSaveStatus} disabled={isSaving || !canSaveStatus} className=""bg-primary text-primary-foreground hover:bg-primary/90""";"Inventaire automatique — voir le rapport pour les vérifications effectuées"
"src/components/users/user-detail/UserSecurityTab.tsx";"607";"Button";"type=""button"" variant=""outline"" size=""sm"" onClick={onResetPassword} className=""gap-2""";"Inventaire automatique — voir le rapport pour les vérifications effectuées"
"src/components/users/user-detail/UserSecurityTab.tsx";"669";"Button";"className=""border-warning/40 text-warning hover:bg-warning/10 hover:text-warning gap-2"" onClick={onResetMfa} size=""sm"" type=""button"" variant=""outline""";"Inventaire automatique — voir le rapport pour les vérifications effectuées"
"src/components/users/user-detail/UserSecurityTab.tsx";"710";"Button";"onClick={onRetrySessions} size=""sm"" variant=""outline""";"Inventaire automatique — voir le rapport pour les vérifications effectuées"
"src/components/users/user-detail/UserSecurityTab.tsx";"729";"Button";"onClick={onRetrySessions} size=""sm"" variant=""outline""";"Inventaire automatique — voir le rapport pour les vérifications effectuées"
"src/components/users/user-detail/UserSecurityTab.tsx";"750";"Button";"type=""button"" variant=""outline"" size=""sm"" onClick={onRevokeSessions} disabled={isAnySessionRevoking} className=""gap-2""";"Inventaire automatique — voir le rapport pour les vérifications effectuées"
"src/components/users/user-detail/UserSecurityTab.tsx";"777";"AlertDialog";"open={sessionPendingRevocation !== null} onOpenChange={(open) => { if (!open) setSessionPendingRevocation(null); }}";"Inventaire automatique — voir le rapport pour les vérifications effectuées"
"src/components/users/user-detail/UserSecurityTab.tsx";"783";"AlertDialogContent";"";"Inventaire automatique — voir le rapport pour les vérifications effectuées"
"src/components/users/user-detail/UserSecurityTab.tsx";"784";"AlertDialogHeader";"";"Inventaire automatique — voir le rapport pour les vérifications effectuées"
"src/components/users/user-detail/UserSecurityTab.tsx";"785";"AlertDialogTitle";"";"Inventaire automatique — voir le rapport pour les vérifications effectuées"
"src/components/users/user-detail/UserSecurityTab.tsx";"786";"AlertDialogDescription";"";"Inventaire automatique — voir le rapport pour les vérifications effectuées"
"src/components/users/user-detail/UserSecurityTab.tsx";"794";"AlertDialogFooter";"";"Inventaire automatique — voir le rapport pour les vérifications effectuées"
"src/components/users/user-detail/UserSecurityTab.tsx";"795";"AlertDialogCancel";"";"Inventaire automatique — voir le rapport pour les vérifications effectuées"
"src/components/users/user-detail/UserSecurityTab.tsx";"796";"AlertDialogAction";"className=""bg-destructive text-destructive-foreground hover:bg-destructive/90"" onClick={() => { const sessionId = sessionPendingRevocation?.id; setSessionPendingRevocation(null); if (sessionId) onRevokeSession(sessionId); }}";"Inventaire automatique — voir le rapport pour les vérifications effectuées"
"src/components/users/UserDetailPage.tsx";"114";"PageShell";"className=""py-0""";"Inventaire automatique — voir le rapport pour les vérifications effectuées"
"src/components/users/UserDetailPage.tsx";"1847";"section";"aria-labelledby=""user-authorizations-title"" className=""space-y-3""";"Inventaire automatique — voir le rapport pour les vérifications effectuées"
"src/components/users/UserDetailPage.tsx";"1851";"h2";"id=""user-authorizations-title"" className=""sr-only""";"Inventaire automatique — voir le rapport pour les vérifications effectuées"
"src/components/users/UserDetailPage.tsx";"1860";"Button";"aria-pressed={selectedView === 'access'} className=""min-h-9 flex-1 sm:flex-none"" onClick={() => handleSectionChange('access')} size=""sm"" type=""button"" variant={selectedView === 'access' ? 'secondary' : 'ghost'}";"Inventaire automatique — voir le rapport pour les vérifications effectuées"
"src/components/users/UserDetailPage.tsx";"1876";"Button";"aria-pressed={selectedView === 'account'} className=""min-h-9 flex-1 sm:flex-none"" onClick={() => handleSectionChange('account')} size=""sm"" type=""button"" variant={selectedView === 'account' ? 'secondary' : 'ghost'}";"Inventaire automatique — voir le rapport pour les vérifications effectuées"
"src/components/users/UserDetailPage.tsx";"2215";"PageShell";"className=""py-0""";"Inventaire automatique — voir le rapport pour les vérifications effectuées"
"src/components/users/UserDetailPage.tsx";"2218";"PageBackButton";"label=""Retour aux utilisateurs"" onClick={handleNavigateBackToUsers}";"Inventaire automatique — voir le rapport pour les vérifications effectuées"
"src/components/users/UserDetailPage.tsx";"2311";"Button";"asChild className=""shrink-0"" size=""sm""";"Inventaire automatique — voir le rapport pour les vérifications effectuées"
"src/components/users/UserDetailPage.tsx";"2312";"Link";"href=""/mon-compte""";"Inventaire automatique — voir le rapport pour les vérifications effectuées"
"src/components/users/UserDetailPage.tsx";"2323";"AlertDialog";"open={showUnsavedNavigationConfirm} onOpenChange={(open) => { if (open) { setShowUnsavedNavigationConfirm(true); return; } handleCancelPendingNavigation(); }}";"Inventaire automatique — voir le rapport pour les vérifications effectuées"
"src/components/users/UserDetailPage.tsx";"2335";"AlertDialogContent";"className=""border-border overflow-y-auto rounded-xl p-0""";"Inventaire automatique — voir le rapport pour les vérifications effectuées"
"src/components/users/UserDetailPage.tsx";"2337";"AlertDialogHeader";"";"Inventaire automatique — voir le rapport pour les vérifications effectuées"
"src/components/users/UserDetailPage.tsx";"2338";"AlertDialogTitle";"className=""text-foreground flex items-center gap-2""";"Inventaire automatique — voir le rapport pour les vérifications effectuées"
"src/components/users/UserDetailPage.tsx";"2344";"AlertDialogDescription";"className=""text-muted-foreground""";"Inventaire automatique — voir le rapport pour les vérifications effectuées"
"src/components/users/UserDetailPage.tsx";"2350";"AlertDialogFooter";"className=""mt-4""";"Inventaire automatique — voir le rapport pour les vérifications effectuées"
"src/components/users/UserDetailPage.tsx";"2351";"AlertDialogCancel";"className=""border-border"" onClick={handleCancelPendingNavigation}";"Inventaire automatique — voir le rapport pour les vérifications effectuées"
"src/components/users/UserDetailPage.tsx";"2357";"AlertDialogAction";"onClick={handleConfirmPendingNavigation} className=""bg-destructive text-destructive-foreground hover:bg-destructive/90""";"Inventaire automatique — voir le rapport pour les vérifications effectuées"
"src/components/users/UserDetailPage.tsx";"2367";"AlertDialog";"open={showLoginChangeConfirm} onOpenChange={setShowLoginChangeConfirm}";"Inventaire automatique — voir le rapport pour les vérifications effectuées"
"src/components/users/UserDetailPage.tsx";"2371";"AlertDialogContent";"className=""border-border overflow-y-auto rounded-xl p-0""";"Inventaire automatique — voir le rapport pour les vérifications effectuées"
"src/components/users/UserDetailPage.tsx";"2373";"AlertDialogHeader";"";"Inventaire automatique — voir le rapport pour les vérifications effectuées"
"src/components/users/UserDetailPage.tsx";"2374";"AlertDialogTitle";"className=""text-foreground flex items-center gap-2""";"Inventaire automatique — voir le rapport pour les vérifications effectuées"
"src/components/users/UserDetailPage.tsx";"2380";"AlertDialogDescription";"className=""text-muted-foreground""";"Inventaire automatique — voir le rapport pour les vérifications effectuées"
"src/components/users/UserDetailPage.tsx";"2387";"AlertDialogFooter";"className=""mt-4""";"Inventaire automatique — voir le rapport pour les vérifications effectuées"
"src/components/users/UserDetailPage.tsx";"2388";"AlertDialogCancel";"className=""border-border""";"Inventaire automatique — voir le rapport pour les vérifications effectuées"
"src/components/users/UserDetailPage.tsx";"2391";"AlertDialogAction";"className=""bg-warning text-warning-foreground hover:bg-warning/90"" onClick={() => { setShowLoginChangeConfirm(false); void handleSaveProfile(true); }}";"Inventaire automatique — voir le rapport pour les vérifications effectuées"
"src/components/users/UserDetailPage.tsx";"2404";"AdminMfaResetDialog";"actorLoginName={currentUser?.loginName ?? ''} onCancel={() => setShowResetMfa(false)} onComplete={handleResetMfaComplete} open={showResetMfa} targetLabel={ user.firstName && user.lastName ? `${user.firstName} ${user.lastName} (${user.loginName})` : user.loginName } targetUserId={user.id}";"Inventaire automatique — voir le rapport pour les vérifications effectuées"
"src/components/users/UserDetailPage.tsx";"2416";"AdminStepUpDialog";"actorLoginName={currentUser?.loginName ?? ''} description={pendingStepUpAction?.description ?? ''} onCancel={adminStepUp.cancelPendingStepUpAction} onComplete={adminStepUp.handleStepUpComplete} onProofKindRequired={adminStepUp.setPendingStepUpProofKind} open={pendingStepUpAction !== null} proofKind={pendingStepUpAction?.proofKind ?? 'full'} title={pendingStepUpAction?.title ?? 'Confirmer votre identité'}";"Inventaire automatique — voir le rapport pour les vérifications effectuées"
"src/components/users/UserDetailPage.tsx";"2426";"AlertDialog";"open={showResetConfirm} onOpenChange={setShowResetConfirm}";"Inventaire automatique — voir le rapport pour les vérifications effectuées"
"src/components/users/UserDetailPage.tsx";"2427";"AlertDialogContent";"className=""border-border overflow-y-auto rounded-xl p-0""";"Inventaire automatique — voir le rapport pour les vérifications effectuées"
"src/components/users/UserDetailPage.tsx";"2429";"AlertDialogHeader";"";"Inventaire automatique — voir le rapport pour les vérifications effectuées"
"src/components/users/UserDetailPage.tsx";"2430";"AlertDialogTitle";"className=""text-foreground flex items-center gap-2""";"Inventaire automatique — voir le rapport pour les vérifications effectuées"
"src/components/users/UserDetailPage.tsx";"2436";"AlertDialogDescription";"className=""text-muted-foreground""";"Inventaire automatique — voir le rapport pour les vérifications effectuées"
"src/components/users/UserDetailPage.tsx";"2442";"AlertDialogFooter";"className=""mt-4""";"Inventaire automatique — voir le rapport pour les vérifications effectuées"
"src/components/users/UserDetailPage.tsx";"2443";"AlertDialogCancel";"className=""border-border""";"Inventaire automatique — voir le rapport pour les vérifications effectuées"
"src/components/users/UserDetailPage.tsx";"2446";"AlertDialogAction";"onClick={handleResetPassword} disabled={isResetting} className=""bg-warning text-warning-foreground hover:bg-warning/90""";"Inventaire automatique — voir le rapport pour les vérifications effectuées"
"src/components/users/UserDetailPage.tsx";"2460";"AlertDialog";"open={showRevokeSessionsConfirm} onOpenChange={setShowRevokeSessionsConfirm}";"Inventaire automatique — voir le rapport pour les vérifications effectuées"
"src/components/users/UserDetailPage.tsx";"2464";"AlertDialogContent";"className=""border-border overflow-y-auto rounded-xl p-0""";"Inventaire automatique — voir le rapport pour les vérifications effectuées"
"src/components/users/UserDetailPage.tsx";"2466";"AlertDialogHeader";"";"Inventaire automatique — voir le rapport pour les vérifications effectuées"
"src/components/users/UserDetailPage.tsx";"2467";"AlertDialogTitle";"className=""text-foreground flex items-center gap-2""";"Inventaire automatique — voir le rapport pour les vérifications effectuées"
"src/components/users/UserDetailPage.tsx";"2473";"AlertDialogDescription";"className=""text-muted-foreground""";"Inventaire automatique — voir le rapport pour les vérifications effectuées"
"src/components/users/UserDetailPage.tsx";"2478";"AlertDialogFooter";"className=""mt-4""";"Inventaire automatique — voir le rapport pour les vérifications effectuées"
"src/components/users/UserDetailPage.tsx";"2479";"AlertDialogCancel";"className=""border-border""";"Inventaire automatique — voir le rapport pour les vérifications effectuées"
"src/components/users/UserDetailPage.tsx";"2482";"AlertDialogAction";"onClick={handleRevokeSecuritySessions} disabled={isRevokingSecuritySessions} className=""bg-warning text-warning-foreground hover:bg-warning/90""";"Inventaire automatique — voir le rapport pour les vérifications effectuées"
"src/components/users/UserDetailPage.tsx";"2496";"AlertDialog";"open={showDeleteConfirm} onOpenChange={(open) => { if (isDeleting && !open) return; setShowDeleteConfirm(open); if (!open) setDeleteConfirmation(''); }}";"Inventaire automatique — voir le rapport pour les vérifications effectuées"
"src/components/users/UserDetailPage.tsx";"2504";"AlertDialogContent";"className=""border-border overflow-y-auto rounded-xl p-0""";"Inventaire automatique — voir le rapport pour les vérifications effectuées"
"src/components/users/UserDetailPage.tsx";"2506";"AlertDialogHeader";"";"Inventaire automatique — voir le rapport pour les vérifications effectuées"
"src/components/users/UserDetailPage.tsx";"2507";"AlertDialogTitle";"className=""text-foreground flex items-center gap-2""";"Inventaire automatique — voir le rapport pour les vérifications effectuées"
"src/components/users/UserDetailPage.tsx";"2513";"AlertDialogDescription";"className=""text-muted-foreground""";"Inventaire automatique — voir le rapport pour les vérifications effectuées"
"src/components/users/UserDetailPage.tsx";"2526";"Label";"htmlFor=""delete-user-confirmation""";"Inventaire automatique — voir le rapport pour les vérifications effectuées"
"src/components/users/UserDetailPage.tsx";"2529";"Input";"autoComplete=""off"" id=""delete-user-confirmation"" disabled={isDeleting} onChange={(event) => setDeleteConfirmation(event.target.value)} placeholder={user.loginName} value={deleteConfirmation}";"Inventaire automatique — voir le rapport pour les vérifications effectuées"
"src/components/users/UserDetailPage.tsx";"2538";"AlertDialogFooter";"className=""mt-4""";"Inventaire automatique — voir le rapport pour les vérifications effectuées"
"src/components/users/UserDetailPage.tsx";"2539";"AlertDialogCancel";"className=""border-border"" disabled={isDeleting}";"Inventaire automatique — voir le rapport pour les vérifications effectuées"
"src/components/users/UserDetailPage.tsx";"2545";"AlertDialogAction";"onClick={handleDelete} disabled={ isDeleting || deleteConfirmation.trim() !== user.loginName } className=""bg-destructive text-destructive-foreground hover:bg-destructive/90""";"Inventaire automatique — voir le rapport pour les vérifications effectuées"
"src/components/users/UsersAdminHero.tsx";"33";"PageHero";"actions={actions} compact={compact} description={description} hasNavigation={hasNavigation} eyebrow={ showSpaceBadge ? ( <Badge variant=""outline"" className={tone.soft}> Système </Badge> ) : undefined } icon={icon} iconClassName={iconClassName} meta={meta} title={title} tone=""system""";"Inventaire automatique — voir le rapport pour les vérifications effectuées"
"src/features/account/account-page.helpers.tsx";"109";"PageHero";"compact hasNavigation title={getAccountDisplayName(userData)} description={`Identifiant de connexion : ${userData.loginName}`} eyebrow={ <span className=""text-muted-foreground text-xs font-medium""> Mon compte </span> } meta={ <> <Badge variant=""secondary"">{getAccessLabel(userData)}</Badge> {userData.isProtected && <Badge variant=""warning"">Compte racine</Badge>} </> } icon={<UserAvatar user={userData} className=""size-full rounded-md"" />} iconClassName=""overflow-hidden p-0"" tone=""dashboard""";"Inventaire automatique — voir le rapport pour les vérifications effectuées"
"src/features/account/AccountPageContent.tsx";"632";"AlertDialog";"open={showUnsavedNavigationConfirm} onOpenChange={(open) => { if (open) { setShowUnsavedNavigationConfirm(true); return; } handleCancelPendingNavigation(); }}";"Inventaire automatique — voir le rapport pour les vérifications effectuées"
"src/features/account/AccountPageContent.tsx";"644";"AlertDialogContent";"className=""border-border overflow-y-auto rounded-xl p-0""";"Inventaire automatique — voir le rapport pour les vérifications effectuées"
"src/features/account/AccountPageContent.tsx";"646";"AlertDialogHeader";"";"Inventaire automatique — voir le rapport pour les vérifications effectuées"
"src/features/account/AccountPageContent.tsx";"647";"AlertDialogTitle";"className=""text-foreground flex items-center gap-2""";"Inventaire automatique — voir le rapport pour les vérifications effectuées"
"src/features/account/AccountPageContent.tsx";"653";"AlertDialogDescription";"className=""text-muted-foreground""";"Inventaire automatique — voir le rapport pour les vérifications effectuées"
"src/features/account/AccountPageContent.tsx";"658";"AlertDialogFooter";"className=""mt-4""";"Inventaire automatique — voir le rapport pour les vérifications effectuées"
"src/features/account/AccountPageContent.tsx";"659";"AlertDialogCancel";"onClick={handleCancelPendingNavigation}";"Inventaire automatique — voir le rapport pour les vérifications effectuées"
"src/features/account/AccountPageContent.tsx";"662";"AlertDialogAction";"className=""bg-destructive text-destructive-foreground hover:bg-destructive/90"" onClick={handleConfirmPendingNavigation}";"Inventaire automatique — voir le rapport pour les vérifications effectuées"
"src/features/account/components/ContactEmailDialog.tsx";"186";"Dialog";"open={open} onOpenChange={(isOpen) => { if (!isOpen) requestClose(); }}";"Inventaire automatique — voir le rapport pour les vérifications effectuées"
"src/features/account/components/ContactEmailDialog.tsx";"192";"DialogContent";"className=""overflow-y-auto p-0 sm:max-w-md""";"Inventaire automatique — voir le rapport pour les vérifications effectuées"
"src/features/account/components/ContactEmailDialog.tsx";"194";"DialogHeader";"";"Inventaire automatique — voir le rapport pour les vérifications effectuées"
"src/features/account/components/ContactEmailDialog.tsx";"195";"DialogTitle";"className=""flex items-center gap-2""";"Inventaire automatique — voir le rapport pour les vérifications effectuées"
"src/features/account/components/ContactEmailDialog.tsx";"198";"Trash2";"className=""size-4""";"Inventaire automatique — voir le rapport pour les vérifications effectuées"
"src/features/account/components/ContactEmailDialog.tsx";"207";"DialogDescription";"";"Inventaire automatique — voir le rapport pour les vérifications effectuées"
"src/features/account/components/ContactEmailDialog.tsx";"214";"form";"className=""mt-4 space-y-4"" onSubmit={handleSubmit}";"Inventaire automatique — voir le rapport pour les vérifications effectuées"
"src/features/account/components/ContactEmailDialog.tsx";"250";"Label";"htmlFor=""account-contact-email"" required";"Inventaire automatique — voir le rapport pour les vérifications effectuées"
"src/features/account/components/ContactEmailDialog.tsx";"253";"Input";"aria-describedby=""account-contact-email-help"" aria-invalid={!!emailError} autoCapitalize=""none"" autoComplete=""email"" autoFocus disabled={isSaving} id=""account-contact-email"" maxLength={CONTACT_EMAIL_MAX_LENGTH} name=""email"" onChange={(event) => setNextContactEmail(event.target.value) } placeholder=""nom@exemple.fr"" required spellCheck={false} type=""email"" value={nextContactEmail}";"Inventaire automatique — voir le rapport pour les vérifications effectuées"
"src/features/account/components/ContactEmailDialog.tsx";"284";"Button";"className=""text-destructive hover:bg-destructive/10 hover:text-destructive px-0"" disabled={isSaving} onClick={() => { setError(null); setIsConfirmingRemoval(true); }} size=""sm"" type=""button"" variant=""ghost""";"Inventaire automatique — voir le rapport pour les vérifications effectuées"
"src/features/account/components/ContactEmailDialog.tsx";"295";"Trash2";"className=""size-4""";"Inventaire automatique — voir le rapport pour les vérifications effectuées"
"src/features/account/components/ContactEmailDialog.tsx";"303";"Label";"htmlFor=""account-contact-current-password"" required";"Inventaire automatique — voir le rapport pour les vérifications effectuées"
"src/features/account/components/ContactEmailDialog.tsx";"306";"Input";"allowPasswordManager autoComplete=""current-password"" autoFocus={isConfirmingRemoval} disabled={isSaving} id=""account-contact-current-password"" name=""current-password"" onChange={(event) => setCurrentPassword(event.target.value)} placeholder=""Confirmez votre identité"" required type=""password"" value={currentPassword}";"Inventaire automatique — voir le rapport pour les vérifications effectuées"
"src/features/account/components/ContactEmailDialog.tsx";"332";"Button";"className=""flex-1"" disabled={isSaving} onClick={() => { if (isConfirmingRemoval) { setError(null); setIsConfirmingRemoval(false); return; } requestClose(); }} type=""button"" variant=""outline""";"Inventaire automatique — voir le rapport pour les vérifications effectuées"
"src/features/account/components/ContactEmailDialog.tsx";"350";"Button";"className=""flex-1"" disabled={!canSubmit} type=""submit"" variant={isConfirmingRemoval ? 'destructive' : 'default'}";"Inventaire automatique — voir le rapport pour les vérifications effectuées"
"src/features/account/components/ContactEmailDialog.tsx";"372";"AlertDialog";"open={showDiscardConfirm} onOpenChange={setShowDiscardConfirm}";"Inventaire automatique — voir le rapport pour les vérifications effectuées"
"src/features/account/components/ContactEmailDialog.tsx";"376";"AlertDialogContent";"className=""border-border overflow-y-auto rounded-xl p-0""";"Inventaire automatique — voir le rapport pour les vérifications effectuées"
"src/features/account/components/ContactEmailDialog.tsx";"378";"AlertDialogHeader";"";"Inventaire automatique — voir le rapport pour les vérifications effectuées"
"src/features/account/components/ContactEmailDialog.tsx";"379";"AlertDialogTitle";"className=""text-foreground flex items-center gap-2""";"Inventaire automatique — voir le rapport pour les vérifications effectuées"
"src/features/account/components/ContactEmailDialog.tsx";"385";"AlertDialogDescription";"";"Inventaire automatique — voir le rapport pour les vérifications effectuées"
"src/features/account/components/ContactEmailDialog.tsx";"389";"AlertDialogFooter";"className=""mt-4""";"Inventaire automatique — voir le rapport pour les vérifications effectuées"
"src/features/account/components/ContactEmailDialog.tsx";"390";"AlertDialogCancel";"";"Inventaire automatique — voir le rapport pour les vérifications effectuées"
"src/features/account/components/ContactEmailDialog.tsx";"391";"AlertDialogAction";"className=""bg-destructive text-destructive-foreground hover:bg-destructive/90"" onClick={() => { setShowDiscardConfirm(false); onCancel(); }}";"Inventaire automatique — voir le rapport pour les vérifications effectuées"
"src/features/account/components/ProfileSection.tsx";"153";"Button";"type=""button"" variant=""outline"" size=""sm"" onClick={() => setIsEditing(true)}";"Inventaire automatique — voir le rapport pour les vérifications effectuées"
"src/features/account/components/ProfileSection.tsx";"213";"Button";"className=""w-fit shrink-0 rounded-lg"" onClick={() => setShowContactEmailDialog(true)} size=""sm"" type=""button"" variant=""outline""";"Inventaire automatique — voir le rapport pour les vérifications effectuées"
"src/features/account/components/ProfileSection.tsx";"235";"form";"autoComplete=""on"" id={PROFILE_FORM_ID} className=""border-border/60 bg-background/45 rounded-lg border"" onSubmit={(event) => { event.preventDefault(); void handleSaveProfile(); }}";"Inventaire automatique — voir le rapport pour les vérifications effectuées"
"src/features/account/components/ProfileSection.tsx";"246";"Label";"htmlFor=""edit-firstName"" required";"Inventaire automatique — voir le rapport pour les vérifications effectuées"
"src/features/account/components/ProfileSection.tsx";"249";"Input";"autoComplete=""given-name"" id=""edit-firstName"" value={firstName} onChange={(event) => setFirstName(event.target.value)} disabled={isSaving} placeholder=""Votre prénom"" name=""firstName"" required maxLength={PROFILE_FIELD_MAX_LENGTH} aria-invalid={!!firstNameError} aria-describedby={ firstNameError ? 'edit-firstName-error' : undefined } autoFocus className=""rounded-lg""";"Inventaire automatique — voir le rapport pour les vérifications effectuées"
"src/features/account/components/ProfileSection.tsx";"277";"Label";"htmlFor=""edit-lastName"" required";"Inventaire automatique — voir le rapport pour les vérifications effectuées"
"src/features/account/components/ProfileSection.tsx";"280";"Input";"autoComplete=""family-name"" id=""edit-lastName"" value={lastName} onChange={(event) => setLastName(event.target.value)} disabled={isSaving} placeholder=""Votre nom"" name=""lastName"" required maxLength={PROFILE_FIELD_MAX_LENGTH} aria-invalid={!!lastNameError} aria-describedby={ lastNameError ? 'edit-lastName-error' : undefined } className=""rounded-lg""";"Inventaire automatique — voir le rapport pour les vérifications effectuées"
"src/features/account/components/ProfileSection.tsx";"312";"Button";"type=""button"" variant=""outline"" size=""sm"" className=""rounded-lg"" onClick={handleCancel} disabled={isSaving}";"Inventaire automatique — voir le rapport pour les vérifications effectuées"
"src/features/account/components/ProfileSection.tsx";"323";"Button";"type=""submit"" size=""sm"" className=""rounded-lg"" disabled={!canSaveProfile}";"Inventaire automatique — voir le rapport pour les vérifications effectuées"
"src/features/account/components/ProfileSection.tsx";"340";"ContactEmailDialog";"contactEmail={userData.contactEmail} loginName={userData.loginName} onCancel={() => setShowContactEmailDialog(false)} onSuccess={onUpdate} open={showContactEmailDialog}";"Inventaire automatique — voir le rapport pour les vérifications effectuées"
"src/features/account/components/SecuritySection.tsx";"75";"h3";"id={id} className=""text-foreground flex items-center gap-2 text-sm font-semibold""";"Inventaire automatique — voir le rapport pour les vérifications effectuées"
"src/features/account/components/SecuritySection.tsx";"153";"Disclosure";"label=""Détails techniques"" className=""border-border/60 mt-2 border-t pt-2 text-xs""";"Inventaire automatique — voir le rapport pour les vérifications effectuées"
"src/features/account/components/SecuritySection.tsx";"189";"Button";"type=""button"" variant=""outline"" size=""sm"" className=""text-destructive hover:text-destructive w-full shrink-0 gap-2 sm:w-auto"" onClick={() => onRevoke(session)} disabled={isRevoking}";"Inventaire automatique — voir le rapport pour les vérifications effectuées"
"src/features/account/components/SecuritySection.tsx";"425";"section";"aria-labelledby=""account-security-heading"" className=""space-y-3""";"Inventaire automatique — voir le rapport pour les vérifications effectuées"
"src/features/account/components/SecuritySection.tsx";"427";"h2";"id=""account-security-heading"" className=""text-foreground text-base leading-6 font-semibold""";"Inventaire automatique — voir le rapport pour les vérifications effectuées"
"src/features/account/components/SecuritySection.tsx";"491";"Button";"type=""button"" variant=""outline"" size=""sm"" onClick={() => setShowPasswordDialog(true)} className=""gap-2""";"Inventaire automatique — voir le rapport pour les vérifications effectuées"
"src/features/account/components/SecuritySection.tsx";"533";"Button";"onClick={() => void fetchMfaStatus()} size=""sm"" type=""button"" variant=""outline""";"Inventaire automatique — voir le rapport pour les vérifications effectuées"
"src/features/account/components/SecuritySection.tsx";"612";"Button";"className=""gap-2"" onClick={() => setShowRecoveryCodesDialog(true)} size=""sm"" type=""button"" variant=""outline""";"Inventaire automatique — voir le rapport pour les vérifications effectuées"
"src/features/account/components/SecuritySection.tsx";"622";"Button";"className=""gap-2"" onClick={() => setMfaSetupMode('replace')} size=""sm"" type=""button"" variant=""outline""";"Inventaire automatique — voir le rapport pour les vérifications effectuées"
"src/features/account/components/SecuritySection.tsx";"634";"Button";"className=""gap-2"" onClick={() => setMfaSetupMode('activate')} size=""sm"" type=""button""";"Inventaire automatique — voir le rapport pour les vérifications effectuées"
"src/features/account/components/SecuritySection.tsx";"677";"Button";"onClick={() => void fetchSessions()} size=""sm"" type=""button"" variant=""outline""";"Inventaire automatique — voir le rapport pour les vérifications effectuées"
"src/features/account/components/SecuritySection.tsx";"730";"Button";"type=""button"" variant=""outline"" size=""sm"" className=""gap-2"" onClick={() => setShowRevokeDialog(true)} disabled={revokingAll}";"Inventaire automatique — voir le rapport pour les vérifications effectuées"
"src/features/account/components/SecuritySection.tsx";"750";"ChangePasswordDialog";"open={showPasswordDialog} onCancel={() => setShowPasswordDialog(false)} onSuccess={() => { setShowPasswordDialog(false); void onUpdate(); toast.success('Mot de passe modifié avec succès'); }}";"Inventaire automatique — voir le rapport pour les vérifications effectuées"
"src/features/account/components/SecuritySection.tsx";"760";"MfaSetupDialog";"loginName={userData.loginName} mode={mfaSetupMode} onCancel={() => setMfaSetupMode(null)} onComplete={handleMfaSetupComplete} open";"Inventaire automatique — voir le rapport pour les vérifications effectuées"
"src/features/account/components/SecuritySection.tsx";"769";"MfaActionDialog";"loginName={userData.loginName} onCancel={() => setShowRecoveryCodesDialog(false)} onComplete={handleMfaActionComplete} open";"Inventaire automatique — voir le rapport pour les vérifications effectuées"
"src/features/account/components/SecuritySection.tsx";"776";"AlertDialog";"open={sessionToRevoke !== null} onOpenChange={(open) => { if (!open && !revokingId) setSessionToRevoke(null); }}";"Inventaire automatique — voir le rapport pour les vérifications effectuées"
"src/features/account/components/SecuritySection.tsx";"782";"AlertDialogContent";"className=""overflow-y-auto p-0""";"Inventaire automatique — voir le rapport pour les vérifications effectuées"
"src/features/account/components/SecuritySection.tsx";"784";"AlertDialogHeader";"";"Inventaire automatique — voir le rapport pour les vérifications effectuées"
"src/features/account/components/SecuritySection.tsx";"785";"AlertDialogTitle";"className=""text-foreground flex items-center gap-2""";"Inventaire automatique — voir le rapport pour les vérifications effectuées"
"src/features/account/components/SecuritySection.tsx";"791";"AlertDialogDescription";"";"Inventaire automatique — voir le rapport pour les vérifications effectuées"
"src/features/account/components/SecuritySection.tsx";"797";"AlertDialogFooter";"className=""mt-4""";"Inventaire automatique — voir le rapport pour les vérifications effectuées"
"src/features/account/components/SecuritySection.tsx";"798";"AlertDialogCancel";"disabled={!!revokingId}";"Inventaire automatique — voir le rapport pour les vérifications effectuées"
"src/features/account/components/SecuritySection.tsx";"801";"AlertDialogAction";"onClick={(event) => { event.preventDefault(); if (sessionToRevoke) { void handleRevokeSession(sessionToRevoke.id); } }} disabled={!sessionToRevoke || !!revokingId} className=""bg-destructive text-destructive-foreground hover:bg-destructive/90""";"Inventaire automatique — voir le rapport pour les vérifications effectuées"
"src/features/account/components/SecuritySection.tsx";"818";"AlertDialog";"open={showRevokeDialog} onOpenChange={setShowRevokeDialog}";"Inventaire automatique — voir le rapport pour les vérifications effectuées"
"src/features/account/components/SecuritySection.tsx";"819";"AlertDialogContent";"className=""overflow-y-auto p-0""";"Inventaire automatique — voir le rapport pour les vérifications effectuées"
"src/features/account/components/SecuritySection.tsx";"821";"AlertDialogHeader";"";"Inventaire automatique — voir le rapport pour les vérifications effectuées"
"src/features/account/components/SecuritySection.tsx";"822";"AlertDialogTitle";"className=""text-foreground flex items-center gap-2""";"Inventaire automatique — voir le rapport pour les vérifications effectuées"
"src/features/account/components/SecuritySection.tsx";"828";"AlertDialogDescription";"";"Inventaire automatique — voir le rapport pour les vérifications effectuées"
"src/features/account/components/SecuritySection.tsx";"835";"AlertDialogFooter";"className=""mt-4""";"Inventaire automatique — voir le rapport pour les vérifications effectuées"
"src/features/account/components/SecuritySection.tsx";"836";"AlertDialogCancel";"";"Inventaire automatique — voir le rapport pour les vérifications effectuées"
"src/features/account/components/SecuritySection.tsx";"837";"AlertDialogAction";"onClick={handleRevokeAllSessions} disabled={revokingAll} className=""bg-destructive text-destructive-foreground hover:bg-destructive/90""";"Inventaire automatique — voir le rapport pour les vérifications effectuées"
"src/features/audit/SystemActivityJournalPage.tsx";"534";"Button";"aria-label={`Copier ${label}`} className=""size-7"" onClick={() => void handleCopy()} size=""icon"" type=""button"" variant=""ghost""";"Inventaire automatique — voir le rapport pour les vérifications effectuées"
"src/features/audit/SystemActivityJournalPage.tsx";"631";"Button";"variant=""ghost"" size=""inline"" aria-controls={detailsId} aria-expanded={isOpen} className=""text-foreground block w-full text-left text-sm font-semibold"" onClick={onToggle} type=""button""";"Inventaire automatique — voir le rapport pour les vérifications effectuées"
"src/features/audit/SystemActivityJournalPage.tsx";"654";"Button";"variant=""ghost"" size=""inline"" className=""hover:text-foreground underline-offset-2 hover:underline"" onClick={() => onIdentityFilter(actorLabel, 'actor', log.userId) } type=""button""";"Inventaire automatique — voir le rapport pour les vérifications effectuées"
"src/features/audit/SystemActivityJournalPage.tsx";"667";"Button";"variant=""ghost"" size=""inline"" className=""hover:text-foreground underline-offset-2 hover:underline"" onClick={() => onIdentityFilter(targetLabel, 'target', log.targetUserId) } type=""button""";"Inventaire automatique — voir le rapport pour les vérifications effectuées"
"src/features/audit/SystemActivityJournalPage.tsx";"727";"Button";"aria-controls={detailsId} aria-expanded={isOpen} aria-label={isOpen ? 'Replier les détails' : 'Afficher les détails'} className=""hidden size-8 md:inline-flex"" onClick={onToggle} size=""icon"" type=""button"" variant=""ghost""";"Inventaire automatique — voir le rapport pour les vérifications effectuées"
"src/features/audit/SystemActivityJournalPage.tsx";"758";"section";"aria-labelledby={`${detailsId}-changes`}";"Inventaire automatique — voir le rapport pour les vérifications effectuées"
"src/features/audit/SystemActivityJournalPage.tsx";"759";"h3";"className=""text-foreground mb-2 text-xs font-semibold"" id={`${detailsId}-changes`}";"Inventaire automatique — voir le rapport pour les vérifications effectuées"
"src/features/audit/SystemActivityJournalPage.tsx";"777";"Disclosure";"label=""Détails techniques"" icon={<Key aria-hidden=""true"" className=""size-3"" />}";"Inventaire automatique — voir le rapport pour les vérifications effectuées"
"src/features/audit/SystemActivityJournalPage.tsx";"1316";"PageShell";"className=""py-0""";"Inventaire automatique — voir le rapport pour les vérifications effectuées"
"src/features/audit/SystemActivityJournalPage.tsx";"1318";"PageHero";"actions={ <Button asChild variant=""outline""> <Link href={space.href}> <Home className=""size-4"" /> Accueil du pôle </Link> </Button> } description=""Recherchez qui a fait quoi, sur quel compte, quand et dans quel contexte."" icon={<Icon className=""size-5"" />} title={item.label} tone={space.tone}";"Inventaire automatique — voir le rapport pour les vérifications effectuées"
"src/features/audit/SystemActivityJournalPage.tsx";"1320";"Button";"asChild variant=""outline""";"Inventaire automatique — voir le rapport pour les vérifications effectuées"
"src/features/audit/SystemActivityJournalPage.tsx";"1321";"Link";"href={space.href}";"Inventaire automatique — voir le rapport pour les vérifications effectuées"
"src/features/audit/SystemActivityJournalPage.tsx";"1333";"section";"aria-label=""Filtres du journal"" className=""border-border-default bg-surface rounded-xl border p-4""";"Inventaire automatique — voir le rapport pour les vérifications effectuées"
"src/features/audit/SystemActivityJournalPage.tsx";"1344";"Button";"variant=""ghost"" size=""inline"" aria-pressed={filters.logType === logType} className={cn( 'rounded px-3 text-sm font-medium transition-colors', filters.logType === logType ? 'bg-surface-navigation-active text-foreground' : 'text-muted-foreground hover:text-foreground', )} key={logType} onClick={() => updateFilters({ action: ALL_FILTER_VALUE, logType }) } type=""button""";"Inventaire automatique — voir le rapport pour les vérifications effectuées"
"src/features/audit/SystemActivityJournalPage.tsx";"1367";"Label";"className=""text-muted-foreground mb-1.5 block text-xs font-medium"" htmlFor=""journal-search""";"Inventaire automatique — voir le rapport pour les vérifications effectuées"
"src/features/audit/SystemActivityJournalPage.tsx";"1375";"Input";"className=""h-10 pr-9 pl-9"" id=""journal-search"" maxLength={120} onChange={(event) => setSearchInput(event.target.value)} placeholder=""Rechercher un membre (3 caractères minimum)…"" type=""search"" value={searchInput}";"Inventaire automatique — voir le rapport pour les vérifications effectuées"
"src/features/audit/SystemActivityJournalPage.tsx";"1385";"Button";"aria-label=""Effacer la recherche"" className=""absolute top-1/2 right-1 size-8 -translate-y-1/2"" onClick={() => setSearchInput('')} size=""icon"" type=""button"" variant=""ghost""";"Inventaire automatique — voir le rapport pour les vérifications effectuées"
"src/features/audit/SystemActivityJournalPage.tsx";"1400";"Label";"className=""text-muted-foreground mb-1.5 block text-xs font-medium"" htmlFor=""journal-period""";"Inventaire automatique — voir le rapport pour les vérifications effectuées"
"src/features/audit/SystemActivityJournalPage.tsx";"1406";"Select";"value={filters.period} onValueChange={handlePeriodChange}";"Inventaire automatique — voir le rapport pour les vérifications effectuées"
"src/features/audit/SystemActivityJournalPage.tsx";"1410";"SelectTrigger";"className={selectTriggerClassName} id=""journal-period""";"Inventaire automatique — voir le rapport pour les vérifications effectuées"
"src/features/audit/SystemActivityJournalPage.tsx";"1414";"SelectValue";"";"Inventaire automatique — voir le rapport pour les vérifications effectuées"
"src/features/audit/SystemActivityJournalPage.tsx";"1416";"SelectContent";"className={selectContentClassName}";"Inventaire automatique — voir le rapport pour les vérifications effectuées"
"src/features/audit/SystemActivityJournalPage.tsx";"1418";"SelectItem";"className={selectItemClassName} key={option.value} value={option.value}";"Inventaire automatique — voir le rapport pour les vérifications effectuées"
"src/features/audit/SystemActivityJournalPage.tsx";"1430";"Button";"aria-controls={filtersId} aria-expanded={showAdvancedFilters} className=""h-10"" onClick={() => setShowAdvancedFilters((visible) => !visible)} type=""button"" variant=""outline""";"Inventaire automatique — voir le rapport pour les vérifications effectuées"
"src/features/audit/SystemActivityJournalPage.tsx";"1447";"Button";"aria-controls={eventsId} className=""h-10"" disabled={isRefreshing || isInitialLoading} onClick={() => void fetchLogs()} type=""button"" variant=""outline""";"Inventaire automatique — voir le rapport pour les vérifications effectuées"
"src/features/audit/SystemActivityJournalPage.tsx";"1471";"Label";"className=""text-muted-foreground mb-1.5 block text-xs font-medium"" htmlFor=""journal-action""";"Inventaire automatique — voir le rapport pour les vérifications effectuées"
"src/features/audit/SystemActivityJournalPage.tsx";"1477";"Select";"value={filters.action} onValueChange={(action) => updateFilters({ action })}";"Inventaire automatique — voir le rapport pour les vérifications effectuées"
"src/features/audit/SystemActivityJournalPage.tsx";"1481";"SelectTrigger";"className={selectTriggerClassName} id=""journal-action""";"Inventaire automatique — voir le rapport pour les vérifications effectuées"
"src/features/audit/SystemActivityJournalPage.tsx";"1485";"SelectValue";"";"Inventaire automatique — voir le rapport pour les vérifications effectuées"
"src/features/audit/SystemActivityJournalPage.tsx";"1487";"SelectContent";"className={selectContentClassName}";"Inventaire automatique — voir le rapport pour les vérifications effectuées"
"src/features/audit/SystemActivityJournalPage.tsx";"1492";"SelectItem";"className={selectItemClassName} key={option.value} value={option.value}";"Inventaire automatique — voir le rapport pour les vérifications effectuées"
"src/features/audit/SystemActivityJournalPage.tsx";"1507";"Label";"className=""text-muted-foreground mb-1.5 block text-xs font-medium"" htmlFor=""journal-category""";"Inventaire automatique — voir le rapport pour les vérifications effectuées"
"src/features/audit/SystemActivityJournalPage.tsx";"1513";"Select";"value={filters.category} onValueChange={(category) => updateFilters({ category }) }";"Inventaire automatique — voir le rapport pour les vérifications effectuées"
"src/features/audit/SystemActivityJournalPage.tsx";"1519";"SelectTrigger";"className={selectTriggerClassName} id=""journal-category""";"Inventaire automatique — voir le rapport pour les vérifications effectuées"
"src/features/audit/SystemActivityJournalPage.tsx";"1523";"SelectValue";"";"Inventaire automatique — voir le rapport pour les vérifications effectuées"
"src/features/audit/SystemActivityJournalPage.tsx";"1525";"SelectContent";"className={selectContentClassName}";"Inventaire automatique — voir le rapport pour les vérifications effectuées"
"src/features/audit/SystemActivityJournalPage.tsx";"1527";"SelectItem";"className={selectItemClassName} key={option.value} value={option.value}";"Inventaire automatique — voir le rapport pour les vérifications effectuées"
"src/features/audit/SystemActivityJournalPage.tsx";"1540";"Label";"className=""text-muted-foreground mb-1.5 block text-xs font-medium"" htmlFor=""journal-pole""";"Inventaire automatique — voir le rapport pour les vérifications effectuées"
"src/features/audit/SystemActivityJournalPage.tsx";"1546";"Select";"value={filters.poleKey} onValueChange={(poleKey) => updateFilters({ pageKey: ALL_FILTER_VALUE, poleKey }) }";"Inventaire automatique — voir le rapport pour les vérifications effectuées"
"src/features/audit/SystemActivityJournalPage.tsx";"1552";"SelectTrigger";"className={selectTriggerClassName} id=""journal-pole""";"Inventaire automatique — voir le rapport pour les vérifications effectuées"
"src/features/audit/SystemActivityJournalPage.tsx";"1556";"SelectValue";"";"Inventaire automatique — voir le rapport pour les vérifications effectuées"
"src/features/audit/SystemActivityJournalPage.tsx";"1557";"ActivitySelectOption";"{...selectedPole}";"Inventaire automatique — voir le rapport pour les vérifications effectuées"
"src/features/audit/SystemActivityJournalPage.tsx";"1560";"SelectContent";"className={selectContentClassName}";"Inventaire automatique — voir le rapport pour les vérifications effectuées"
"src/features/audit/SystemActivityJournalPage.tsx";"1562";"SelectItem";"className={selectItemClassName} key={option.value} value={option.value}";"Inventaire automatique — voir le rapport pour les vérifications effectuées"
"src/features/audit/SystemActivityJournalPage.tsx";"1567";"ActivitySelectOption";"{...option}";"Inventaire automatique — voir le rapport pour les vérifications effectuées"
"src/features/audit/SystemActivityJournalPage.tsx";"1575";"Label";"className=""text-muted-foreground mb-1.5 block text-xs font-medium"" htmlFor=""journal-page""";"Inventaire automatique — voir le rapport pour les vérifications effectuées"
"src/features/audit/SystemActivityJournalPage.tsx";"1581";"Select";"disabled={filters.poleKey === ALL_FILTER_VALUE} value={filters.pageKey} onValueChange={(pageKey) => updateFilters({ pageKey })}";"Inventaire automatique — voir le rapport pour les vérifications effectuées"
"src/features/audit/SystemActivityJournalPage.tsx";"1586";"SelectTrigger";"className={selectTriggerClassName} id=""journal-page""";"Inventaire automatique — voir le rapport pour les vérifications effectuées"
"src/features/audit/SystemActivityJournalPage.tsx";"1590";"SelectValue";"";"Inventaire automatique — voir le rapport pour les vérifications effectuées"
"src/features/audit/SystemActivityJournalPage.tsx";"1591";"ActivitySelectOption";"{...selectedPage}";"Inventaire automatique — voir le rapport pour les vérifications effectuées"
"src/features/audit/SystemActivityJournalPage.tsx";"1594";"SelectContent";"className={selectContentClassName}";"Inventaire automatique — voir le rapport pour les vérifications effectuées"
"src/features/audit/SystemActivityJournalPage.tsx";"1596";"SelectItem";"className={selectItemClassName} key={option.value} value={option.value}";"Inventaire automatique — voir le rapport pour les vérifications effectuées"
"src/features/audit/SystemActivityJournalPage.tsx";"1601";"ActivitySelectOption";"{...option}";"Inventaire automatique — voir le rapport pour les vérifications effectuées"
"src/features/audit/SystemActivityJournalPage.tsx";"1615";"Input";"aria-label=""Date de début"" className=""h-10 sm:max-w-48"" onChange={(event) => setCustomFrom(event.target.value)} type=""date"" value={customFrom}";"Inventaire automatique — voir le rapport pour les vérifications effectuées"
"src/features/audit/SystemActivityJournalPage.tsx";"1625";"Input";"aria-label=""Date de fin"" className=""h-10 sm:max-w-48"" onChange={(event) => setCustomTo(event.target.value)} type=""date"" value={customTo}";"Inventaire automatique — voir le rapport pour les vérifications effectuées"
"src/features/audit/SystemActivityJournalPage.tsx";"1632";"Button";"className=""h-10"" onClick={handleApplyCustomPeriod} type=""button"" variant=""outline""";"Inventaire automatique — voir le rapport pour les vérifications effectuées"
"src/features/audit/SystemActivityJournalPage.tsx";"1659";"Button";"variant=""ghost"" size=""inline"" aria-label={`Retirer le filtre ${chip.label}`} className=""hover:text-foreground rounded p-0.5"" onClick={() => removeFilter(chip.key)} type=""button""";"Inventaire automatique — voir le rapport pour les vérifications effectuées"
"src/features/audit/SystemActivityJournalPage.tsx";"1673";"Button";"className=""h-7 px-2 text-xs"" onClick={handleResetFilters} type=""button"" variant=""ghost""";"Inventaire automatique — voir le rapport pour les vérifications effectuées"
"src/features/audit/SystemActivityJournalPage.tsx";"1689";"Button";"className=""h-8 px-2.5 text-xs"" disabled={isExporting} key={format} onClick={() => void handleExport(format)} type=""button"" variant=""outline""";"Inventaire automatique — voir le rapport pour les vérifications effectuées"
"src/features/audit/SystemActivityJournalPage.tsx";"1710";"section";"aria-labelledby=""journal-events-title"" className=""space-y-2""";"Inventaire automatique — voir le rapport pour les vérifications effectuées"
"src/features/audit/SystemActivityJournalPage.tsx";"1713";"h2";"className=""text-foreground text-base font-semibold"" id=""journal-events-title""";"Inventaire automatique — voir le rapport pour les vérifications effectuées"
"src/features/audit/SystemActivityJournalPage.tsx";"1761";"Button";"onClick={() => void fetchLogs()} type=""button"" variant=""outline""";"Inventaire automatique — voir le rapport pour les vérifications effectuées"
"src/features/audit/SystemActivityJournalPage.tsx";"1793";"Button";"disabled={isLoadingMore} onClick={() => void fetchLogs(failedCursor ?? undefined) } size=""sm"" type=""button"" variant=""outline""";"Inventaire automatique — voir le rapport pour les vérifications effectuées"
"src/features/audit/SystemActivityJournalPage.tsx";"1825";"Button";"disabled={ isLoadingMore || isRefreshing || isInitialLoading } onClick={() => void fetchLogs(nextCursor)} size=""sm"" type=""button"" variant=""outline""";"Inventaire automatique — voir le rapport pour les vérifications effectuées"
"src/features/audit/SystemActivityJournalPage.tsx";"1850";"AdminStepUpDialog";"actorLoginName={userData?.loginName ?? ''} description=""Confirmez votre identité pour exporter les événements et leurs détails autorisés."" onCancel={() => setPendingExportFormat(null)} onComplete={async () => { const format = pendingExportFormat; setPendingExportFormat(null); if (format) await handleExport(format); }} open={pendingExportFormat !== null} title=""Confirmer l’export du journal""";"Inventaire automatique — voir le rapport pour les vérifications effectuées"
"src/features/auth/components/MfaActionDialog.tsx";"126";"Dialog";"open={open} onOpenChange={(isOpen) => { if (!isOpen && !isSubmitting && !recoveryCodes) onCancel(); }}";"Inventaire automatique — voir le rapport pour les vérifications effectuées"
"src/features/auth/components/MfaActionDialog.tsx";"132";"DialogContent";"className=""p-0 sm:max-w-lg"" hideCloseButton={!!recoveryCodes}";"Inventaire automatique — voir le rapport pour les vérifications effectuées"
"src/features/auth/components/MfaActionDialog.tsx";"137";"DialogHeader";"";"Inventaire automatique — voir le rapport pour les vérifications effectuées"
"src/features/auth/components/MfaActionDialog.tsx";"138";"DialogTitle";"className=""flex items-center gap-2""";"Inventaire automatique — voir le rapport pour les vérifications effectuées"
"src/features/auth/components/MfaActionDialog.tsx";"146";"DialogDescription";"";"Inventaire automatique — voir le rapport pour les vérifications effectuées"
"src/features/auth/components/MfaActionDialog.tsx";"160";"form";"className=""space-y-4"" onSubmit={handleSubmit}";"Inventaire automatique — voir le rapport pour les vérifications effectuées"
"src/features/auth/components/MfaActionDialog.tsx";"184";"Label";"htmlFor=""mfa-action-current-password"" required";"Inventaire automatique — voir le rapport pour les vérifications effectuées"
"src/features/auth/components/MfaActionDialog.tsx";"187";"Input";"allowPasswordManager autoComplete=""current-password"" autoFocus disabled={isSubmitting} id=""mfa-action-current-password"" name=""current-password"" onChange={(event) => setCurrentPassword(event.target.value)} placeholder=""Confirmez votre identité"" required type=""password"" value={currentPassword}";"Inventaire automatique — voir le rapport pour les vérifications effectuées"
"src/features/auth/components/MfaActionDialog.tsx";"202";"MfaCodeInput";"disabled={isSubmitting} id=""mfa-action-current-code"" inputRef={currentCodeInputRef} kind=""totp"" onChange={setCurrentCode} value={currentCode}";"Inventaire automatique — voir le rapport pour les vérifications effectuées"
"src/features/auth/components/MfaActionDialog.tsx";"211";"Button";"className=""flex-1"" disabled={isSubmitting} onClick={onCancel} type=""button"" variant=""outline""";"Inventaire automatique — voir le rapport pour les vérifications effectuées"
"src/features/auth/components/MfaActionDialog.tsx";"220";"Button";"className=""flex-1"" disabled={isSubmitting || !canSubmit} type=""submit""";"Inventaire automatique — voir le rapport pour les vérifications effectuées"
"src/features/auth/components/MfaCodeInput.tsx";"53";"Label";"htmlFor={id} required";"Inventaire automatique — voir le rapport pour les vérifications effectuées"
"src/features/auth/components/MfaCodeInput.tsx";"56";"Input";"allowPasswordManager aria-describedby={error ? `${descriptionId} ${errorId}` : descriptionId} aria-invalid={!!error} autoCapitalize=""none"" autoComplete={isRecoveryCode ? 'off' : 'one-time-code'} autoCorrect=""off"" autoFocus={autoFocus} className={`font-mono text-base lg:text-base ${isRecoveryCode ? 'tracking-normal' : 'tracking-[0.25em]'}`} disabled={disabled} id={id} inputMode={isRecoveryCode ? 'text' : 'numeric'} ref={inputRef} maxLength={isRecoveryCode ? 35 : 6} name={isRecoveryCode ? 'recovery-code' : 'one-time-code'} onChange={(event) => onChange(normalizeMfaCode(event.target.value, kind)) } placeholder={ isRecoveryCode ? 'XXXX-XXXX-XXXX-XXXX-XXXX-XXXX' : '000000' } spellCheck={false} type=""text"" value={value}";"Inventaire automatique — voir le rapport pour les vérifications effectuées"
"src/features/auth/components/MfaRecoveryCodesPanel.tsx";"82";"Button";"onClick={() => void handleCopy()} type=""button"" variant=""outline""";"Inventaire automatique — voir le rapport pour les vérifications effectuées"
"src/features/auth/components/MfaRecoveryCodesPanel.tsx";"90";"Button";"onClick={handleDownload} type=""button"" variant=""outline""";"Inventaire automatique — voir le rapport pour les vérifications effectuées"
"src/features/auth/components/MfaRecoveryCodesPanel.tsx";"97";"Checkbox";"checked={hasSavedCodes} disabled={isFinishing} id=""mfa-recovery-codes-saved"" onCheckedChange={(checked) => setHasSavedCodes(checked === true)}";"Inventaire automatique — voir le rapport pour les vérifications effectuées"
"src/features/auth/components/MfaRecoveryCodesPanel.tsx";"103";"Label";"className=""cursor-pointer text-sm leading-5 font-normal"" htmlFor=""mfa-recovery-codes-saved""";"Inventaire automatique — voir le rapport pour les vérifications effectuées"
"src/features/auth/components/MfaRecoveryCodesPanel.tsx";"111";"Button";"className=""w-full"" disabled={!hasSavedCodes || isFinishing} onClick={onFinish} type=""button""";"Inventaire automatique — voir le rapport pour les vérifications effectuées"
"src/features/auth/components/MfaSetupDialog.tsx";"47";"Dialog";"open={open} onOpenChange={(isOpen) => { if (!isOpen && allowCancel) void handleCancel(); }}";"Inventaire automatique — voir le rapport pour les vérifications effectuées"
"src/features/auth/components/MfaSetupDialog.tsx";"53";"DialogContent";"className=""p-0 sm:max-w-lg"" hideCloseButton onEscapeKeyDown={(event) => event.preventDefault()} onPointerDownOutside={(event) => event.preventDefault()}";"Inventaire automatique — voir le rapport pour les vérifications effectuées"
"src/features/auth/components/MfaSetupDialog.tsx";"60";"DialogHeader";"";"Inventaire automatique — voir le rapport pour les vérifications effectuées"
"src/features/auth/components/MfaSetupDialog.tsx";"61";"DialogTitle";"className=""flex items-center gap-2""";"Inventaire automatique — voir le rapport pour les vérifications effectuées"
"src/features/auth/components/MfaSetupDialog.tsx";"69";"DialogDescription";"";"Inventaire automatique — voir le rapport pour les vérifications effectuées"
"src/features/auth/components/MfaSetupFlow.tsx";"197";"form";"className=""space-y-4"" onSubmit={handleConfirm}";"Inventaire automatique — voir le rapport pour les vérifications effectuées"
"src/features/auth/components/MfaSetupFlow.tsx";"236";"Button";"aria-label=""Copier la clé de configuration"" disabled={isSubmitting} onClick={() => void handleCopyManualKey()} size=""icon"" type=""button"" variant=""outline""";"Inventaire automatique — voir le rapport pour les vérifications effectuées"
"src/features/auth/components/MfaSetupFlow.tsx";"249";"MfaCodeInput";"autoFocus disabled={isSubmitting} error={error} id=""mfa-setup-code"" inputRef={newCodeInputRef} kind=""totp"" onChange={setNewCode} value={newCode}";"Inventaire automatique — voir le rapport pour les vérifications effectuées"
"src/features/auth/components/MfaSetupFlow.tsx";"262";"Button";"className=""flex-1"" disabled={isSubmitting} onClick={onCancel} type=""button"" variant=""outline""";"Inventaire automatique — voir le rapport pour les vérifications effectuées"
"src/features/auth/components/MfaSetupFlow.tsx";"272";"Button";"className=""flex-1"" disabled={isSubmitting || !isCompleteMfaCode(newCode, 'totp')} type=""submit""";"Inventaire automatique — voir le rapport pour les vérifications effectuées"
"src/features/auth/components/MfaSetupFlow.tsx";"292";"form";"className=""space-y-4"" onSubmit={(event) => { event.preventDefault(); void handleStart(); }}";"Inventaire automatique — voir le rapport pour les vérifications effectuées"
"src/features/auth/components/MfaSetupFlow.tsx";"338";"Label";"htmlFor=""mfa-current-password"" required";"Inventaire automatique — voir le rapport pour les vérifications effectuées"
"src/features/auth/components/MfaSetupFlow.tsx";"341";"Input";"allowPasswordManager autoComplete=""current-password"" autoFocus disabled={isSubmitting} id=""mfa-current-password"" name=""current-password"" onChange={(event) => setCurrentPassword(event.target.value)} placeholder=""Confirmez votre identité"" required type=""password"" value={currentPassword}";"Inventaire automatique — voir le rapport pour les vérifications effectuées"
"src/features/auth/components/MfaSetupFlow.tsx";"360";"MfaCodeInput";"disabled={isSubmitting} id=""mfa-current-code"" kind={currentCodeKind} onChange={setCurrentCode} value={currentCode}";"Inventaire automatique — voir le rapport pour les vérifications effectuées"
"src/features/auth/components/MfaSetupFlow.tsx";"367";"Button";"className=""h-auto p-0 text-xs"" onClick={() => { setCurrentCode(''); setCurrentCodeKind((kind) => kind === 'totp' ? 'recovery' : 'totp', ); }} type=""button"" variant=""link""";"Inventaire automatique — voir le rapport pour les vérifications effectuées"
"src/features/auth/components/MfaSetupFlow.tsx";"387";"Button";"className=""flex-1"" disabled={isSubmitting} onClick={onCancel} type=""button"" variant=""outline""";"Inventaire automatique — voir le rapport pour les vérifications effectuées"
"src/features/auth/components/MfaSetupFlow.tsx";"397";"Button";"className=""flex-1"" disabled={isSubmitting || !canAuthorize} type=""submit""";"Inventaire automatique — voir le rapport pour les vérifications effectuées"
"src/features/dashboard/components/DashboardPageClient.tsx";"196";"h2";"className=""text-sm font-semibold""";"Inventaire automatique — voir le rapport pour les vérifications effectuées"
"src/features/dashboard/components/DashboardPageClient.tsx";"229";"Button";"asChild size=""sm"" variant=""outline""";"Inventaire automatique — voir le rapport pour les vérifications effectuées"
"src/features/dashboard/components/DashboardPageClient.tsx";"230";"Link";"href=""/administration/utilisateurs""";"Inventaire automatique — voir le rapport pour les vérifications effectuées"
"src/features/dashboard/components/DashboardPageClient.tsx";"246";"h2";"className=""text-sm font-semibold""";"Inventaire automatique — voir le rapport pour les vérifications effectuées"
"src/features/dashboard/components/DashboardPageClient.tsx";"254";"Button";"asChild size=""sm"" variant=""outline""";"Inventaire automatique — voir le rapport pour les vérifications effectuées"
"src/features/dashboard/components/DashboardPageClient.tsx";"255";"Link";"href=""/systeme/journal-activite""";"Inventaire automatique — voir le rapport pour les vérifications effectuées"
"src/features/dashboard/components/DashboardPageClient.tsx";"443";"PageShell";"className=""py-0""";"Inventaire automatique — voir le rapport pour les vérifications effectuées"
"src/features/dashboard/components/DashboardPageClient.tsx";"445";"PageHero";"description=""Les éléments importants apparaissent ici lorsqu’ils sont utiles."" icon={<Home aria-hidden=""true"" className=""size-5"" />} title={firstName ? `Bonjour ${firstName}` : ""Vue d'ensemble""} tone=""dashboard""";"Inventaire automatique — voir le rapport pour les vérifications effectuées"
"src/features/dashboard/components/DashboardPageClient.tsx";"455";"Button";"disabled={isLoadingDashboard} onClick={() => void fetchDashboardStats()} size=""sm"" type=""button"" variant=""outline""";"Inventaire automatique — voir le rapport pour les vérifications effectuées"
"src/features/internal-news/components/InternalNewsCard.tsx";"71";"h3";"className=""mt-3 text-base leading-6 font-semibold [overflow-wrap:anywhere]""";"Inventaire automatique — voir le rapport pour les vérifications effectuées"
"src/features/internal-news/components/InternalNewsCard.tsx";"86";"Button";"aria-label={ item.isPinned ? ""Désépingler l'actualité"" : ""Épingler l'actualité"" } className=""size-10 lg:size-8"" disabled={pinPending} onClick={() => onTogglePin(item)} size=""icon"" type=""button"" variant=""ghost""";"Inventaire automatique — voir le rapport pour les vérifications effectuées"
"src/features/internal-news/components/InternalNewsFeed.tsx";"203";"Button";"onClick={() => void loadFirstPage()} size=""sm""";"Inventaire automatique — voir le rapport pour les vérifications effectuées"
"src/features/internal-news/components/InternalNewsFeed.tsx";"219";"section";"aria-labelledby=""pinned-news-heading"" className=""space-y-3""";"Inventaire automatique — voir le rapport pour les vérifications effectuées"
"src/features/internal-news/components/InternalNewsFeed.tsx";"222";"h2";"className=""text-sm font-semibold"" id=""pinned-news-heading""";"Inventaire automatique — voir le rapport pour les vérifications effectuées"
"src/features/internal-news/components/InternalNewsFeed.tsx";"255";"section";"aria-labelledby={headingId} className=""space-y-3"" key={label}";"Inventaire automatique — voir le rapport pour les vérifications effectuées"
"src/features/internal-news/components/InternalNewsFeed.tsx";"261";"h2";"className=""text-muted-foreground text-xs font-semibold tracking-wide uppercase"" id={headingId}";"Inventaire automatique — voir le rapport pour les vérifications effectuées"
"src/features/internal-news/components/InternalNewsFeed.tsx";"290";"Button";"disabled={loadingMore} onClick={() => void loadMore()} variant=""outline""";"Inventaire automatique — voir le rapport pour les vérifications effectuées"
"src/features/internal-news/components/InternalNewsPage.tsx";"27";"PageShell";"className=""py-0"" width=""reading""";"Inventaire automatique — voir le rapport pour les vérifications effectuées"
"src/features/internal-news/components/InternalNewsPage.tsx";"84";"PageShell";"className=""py-0"" width=""reading""";"Inventaire automatique — voir le rapport pour les vérifications effectuées"
"src/features/internal-news/components/InternalNewsPage.tsx";"86";"PageHero";"actions={ canManage ? ( <Button onClick={() => setPublishDialogOpen(true)} size=""sm""> <Plus className=""size-4"" /> Publier une actualité </Button> ) : null } description=""Les annonces partagées et les changements importants de la structure, réunis dans un fil lisible."" icon={<Newspaper className=""size-5"" />} title=""Actualité interne"" tone=""internal""";"Inventaire automatique — voir le rapport pour les vérifications effectuées"
"src/features/internal-news/components/InternalNewsPage.tsx";"89";"Button";"onClick={() => setPublishDialogOpen(true)} size=""sm""";"Inventaire automatique — voir le rapport pour les vérifications effectuées"
"src/features/internal-news/components/InternalNewsPage.tsx";"111";"PublishAnnouncementDialog";"onOpenChange={setPublishDialogOpen} onPublished={refreshFeed} open={publishDialogOpen}";"Inventaire automatique — voir le rapport pour les vérifications effectuées"
"src/features/internal-news/components/PublishAnnouncementDialog.tsx";"74";"Dialog";"onOpenChange={handleOpenChange} open={open}";"Inventaire automatique — voir le rapport pour les vérifications effectuées"
"src/features/internal-news/components/PublishAnnouncementDialog.tsx";"75";"DialogContent";"className=""max-w-xl""";"Inventaire automatique — voir le rapport pour les vérifications effectuées"
"src/features/internal-news/components/PublishAnnouncementDialog.tsx";"76";"DialogHeader";"";"Inventaire automatique — voir le rapport pour les vérifications effectuées"
"src/features/internal-news/components/PublishAnnouncementDialog.tsx";"81";"DialogTitle";"";"Inventaire automatique — voir le rapport pour les vérifications effectuées"
"src/features/internal-news/components/PublishAnnouncementDialog.tsx";"83";"DialogDescription";"";"Inventaire automatique — voir le rapport pour les vérifications effectuées"
"src/features/internal-news/components/PublishAnnouncementDialog.tsx";"89";"form";"className=""mt-3 space-y-4"" onSubmit={(event) => void submit(event)}";"Inventaire automatique — voir le rapport pour les vérifications effectuées"
"src/features/internal-news/components/PublishAnnouncementDialog.tsx";"95";"Label";"htmlFor=""internal-news-title""";"Inventaire automatique — voir le rapport pour les vérifications effectuées"
"src/features/internal-news/components/PublishAnnouncementDialog.tsx";"100";"Input";"autoFocus id=""internal-news-title"" maxLength={160} onChange={(event) => setTitle(event.target.value)} placeholder=""Ex. Nouveau partenariat confirmé"" value={title}";"Inventaire automatique — voir le rapport pour les vérifications effectuées"
"src/features/internal-news/components/PublishAnnouncementDialog.tsx";"112";"Label";"htmlFor=""internal-news-body""";"Inventaire automatique — voir le rapport pour les vérifications effectuées"
"src/features/internal-news/components/PublishAnnouncementDialog.tsx";"117";"Textarea";"className=""min-h-36 resize-y"" id=""internal-news-body"" maxLength={2000} onChange={(event) => setBody(event.target.value)} placeholder=""Partagez les informations utiles à l'équipe…"" value={body}";"Inventaire automatique — voir le rapport pour les vérifications effectuées"
"src/features/internal-news/components/PublishAnnouncementDialog.tsx";"133";"Label";"htmlFor=""internal-news-pinned""";"Inventaire automatique — voir le rapport pour les vérifications effectuées"
"src/features/internal-news/components/PublishAnnouncementDialog.tsx";"139";"Switch";"checked={isPinned} id=""internal-news-pinned"" onCheckedChange={setIsPinned}";"Inventaire automatique — voir le rapport pour les vérifications effectuées"
"src/features/internal-news/components/PublishAnnouncementDialog.tsx";"146";"DialogFooter";"";"Inventaire automatique — voir le rapport pour les vérifications effectuées"
"src/features/internal-news/components/PublishAnnouncementDialog.tsx";"147";"Button";"disabled={isSubmitting} onClick={() => handleOpenChange(false)} type=""button"" variant=""outline""";"Inventaire automatique — voir le rapport pour les vérifications effectuées"
"src/features/internal-news/components/PublishAnnouncementDialog.tsx";"155";"Button";"disabled={!title.trim() || !body.trim() || isSubmitting} type=""submit""";"Inventaire automatique — voir le rapport pour les vérifications effectuées"
"src/features/notifications/NotificationInboxPage.tsx";"180";"h2";"className=""text-foreground text-sm font-semibold [overflow-wrap:anywhere] sm:text-base""";"Inventaire automatique — voir le rapport pour les vérifications effectuées"
"src/features/notifications/NotificationInboxPage.tsx";"203";"Button";"asChild size=""sm"" variant=""outline""";"Inventaire automatique — voir le rapport pour les vérifications effectuées"
"src/features/notifications/NotificationInboxPage.tsx";"204";"Link";"href={href} onClick={() => onOpen(item)}";"Inventaire automatique — voir le rapport pour les vérifications effectuées"
"src/features/notifications/NotificationInboxPage.tsx";"210";"Button";"disabled={pending} onClick={() => onAction(item, isUnread ? 'read' : 'unread')} size=""sm"" type=""button"" variant=""ghost""";"Inventaire automatique — voir le rapport pour les vérifications effectuées"
"src/features/notifications/NotificationInboxPage.tsx";"227";"Button";"disabled={pending} onClick={() => onAction(item, isArchived ? 'restore' : 'archive') } size=""sm"" type=""button"" variant=""ghost""";"Inventaire automatique — voir le rapport pour les vérifications effectuées"
"src/features/notifications/NotificationInboxPage.tsx";"466";"PageShell";"className=""py-0"" width=""reading""";"Inventaire automatique — voir le rapport pour les vérifications effectuées"
"src/features/notifications/NotificationInboxPage.tsx";"487";"PageShell";"className=""py-0"" width=""reading""";"Inventaire automatique — voir le rapport pour les vérifications effectuées"
"src/features/notifications/NotificationInboxPage.tsx";"489";"PageHero";"actions={ <div className=""flex flex-wrap gap-2""> <Button disabled={resource.isRefreshing} onClick={() => void resource.refresh()} type=""button"" variant=""outline"" > <RefreshCcw className={cn(resource.isRefreshing && 'animate-spin')} /> Actualiser </Button> <Button disabled={unreadCount === 0 || pendingAction === 'read-all'} onClick={() => void markAllRead()} type=""button"" variant=""secondary"" > {pendingAction === 'read-all' ? ( <Loader2 className=""animate-spin"" /> ) : ( <CheckCheck /> )} Tout marquer comme lu </Button> </div> } description=""Retrouvez les messages adressés à votre compte et gérez leur état sans affecter les autres utilisateurs."" icon={<BellRing className=""size-5"" />} meta={ <Badge variant={unreadCount > 0 ? 'default' : 'secondary'}> {unreadCount} non lue{unreadCount > 1 ? 's' : ''} </Badge> } title=""Mes notifications""";"Inventaire automatique — voir le rapport pour les vérifications effectuées"
"src/features/notifications/NotificationInboxPage.tsx";"492";"Button";"disabled={resource.isRefreshing} onClick={() => void resource.refresh()} type=""button"" variant=""outline""";"Inventaire automatique — voir le rapport pour les vérifications effectuées"
"src/features/notifications/NotificationInboxPage.tsx";"503";"Button";"disabled={unreadCount === 0 || pendingAction === 'read-all'} onClick={() => void markAllRead()} type=""button"" variant=""secondary""";"Inventaire automatique — voir le rapport pour les vérifications effectuées"
"src/features/notifications/NotificationInboxPage.tsx";"528";"section";"aria-label=""Filtres des notifications"" className=""flex flex-col gap-3 @min-[36rem]/page:flex-row @min-[36rem]/page:items-center @min-[36rem]/page:justify-between""";"Inventaire automatique — voir le rapport pour les vérifications effectuées"
"src/features/notifications/NotificationInboxPage.tsx";"538";"Button";"aria-pressed={filter === entry.value} key={entry.value} onClick={() => setFilter(entry.value)} size=""sm"" type=""button"" variant={filter === entry.value ? 'secondary' : 'ghost'}";"Inventaire automatique — voir le rapport pour les vérifications effectuées"
"src/features/notifications/NotificationInboxPage.tsx";"600";"Button";"disabled={isLoadingMore} onClick={() => void loadMore()} type=""button"" variant=""outline""";"Inventaire automatique — voir le rapport pour les vérifications effectuées"
"src/features/persons/components/PersonChildDialog.tsx";"426";"Dialog";"open={open} onOpenChange={(nextOpen) => { if (!nextOpen) close(); }}";"Inventaire automatique — voir le rapport pour les vérifications effectuées"
"src/features/persons/components/PersonChildDialog.tsx";"432";"DialogContent";"className=""grid h-[100svh] max-h-[100svh] grid-rows-[auto_minmax(0,1fr)_auto] overflow-hidden p-0 sm:h-auto sm:max-h-[85svh] sm:max-w-2xl"" fullscreenOnMobile";"Inventaire automatique — voir le rapport pour les vérifications effectuées"
"src/features/persons/components/PersonChildDialog.tsx";"436";"DialogHeader";"className=""border-border-divider border-b px-4 py-4 pr-14 text-left sm:px-5""";"Inventaire automatique — voir le rapport pour les vérifications effectuées"
"src/features/persons/components/PersonChildDialog.tsx";"437";"DialogTitle";"";"Inventaire automatique — voir le rapport pour les vérifications effectuées"
"src/features/persons/components/PersonChildDialog.tsx";"441";"DialogDescription";"";"Inventaire automatique — voir le rapport pour les vérifications effectuées"
"src/features/persons/components/PersonChildDialog.tsx";"453";"Button";"onClick={() => void refreshVersions()} size=""sm"" type=""button"" variant=""outline""";"Inventaire automatique — voir le rapport pour les vérifications effectuées"
"src/features/persons/components/PersonChildDialog.tsx";"508";"DialogFooter";"className=""border-border-divider bg-surface-inset border-t px-4 py-4 sm:justify-between sm:px-5""";"Inventaire automatique — voir le rapport pour les vérifications effectuées"
"src/features/persons/components/PersonChildDialog.tsx";"510";"Button";"disabled={isSaving} onClick={onDelete} type=""button"" variant=""destructive""";"Inventaire automatique — voir le rapport pour les vérifications effectuées"
"src/features/persons/components/PersonChildDialog.tsx";"516";"Trash2";"className=""size-4""";"Inventaire automatique — voir le rapport pour les vérifications effectuées"
"src/features/persons/components/PersonChildDialog.tsx";"522";"Button";"onClick={close} type=""button""";"Inventaire automatique — voir le rapport pour les vérifications effectuées"
"src/features/persons/components/PersonChildDialog.tsx";"528";"Button";"disabled={isSaving} onClick={close} type=""button"" variant=""outline""";"Inventaire automatique — voir le rapport pour les vérifications effectuées"
"src/features/persons/components/PersonChildDialog.tsx";"537";"Button";"disabled={isSaving} onClick={() => void handleSave()} type=""button""";"Inventaire automatique — voir le rapport pour les vérifications effectuées"
"src/features/persons/components/PersonChildDialog.tsx";"559";"UnsavedNavigationDialog";"contentClassName=""sm:max-w-md"" description=""Les modifications de cette information ne sont pas enregistrées."" onCancel={() => { setPendingClose(false); cancelPendingNavigation(); }} onConfirm={() => { if (pendingClose) forceClose(); else confirmPendingNavigation(); }} open={pendingClose || pendingNavigationHref !== null}";"Inventaire automatique — voir le rapport pour les vérifications effectuées"
"src/features/persons/components/PersonCollectionFields.tsx";"105";"Label";"htmlFor={`${idPrefix}-label`} required";"Inventaire automatique — voir le rapport pour les vérifications effectuées"
"src/features/persons/components/PersonCollectionFields.tsx";"110";"Input";"aria-describedby={error ? `${idPrefix}-label-error` : undefined} aria-invalid={Boolean(error)} disabled={disabled} id={`${idPrefix}-label`} list={listId} maxLength={40} onChange={(event) => onChange(event.target.value)} placeholder=""Personnel"" value={value}";"Inventaire automatique — voir le rapport pour les vérifications effectuées"
"src/features/persons/components/PersonCollectionFields.tsx";"140";"Label";"className=""leading-5"" htmlFor={id}";"Inventaire automatique — voir le rapport pour les vérifications effectuées"
"src/features/persons/components/PersonCollectionFields.tsx";"145";"Switch";"checked={checked} disabled={disabled} id={id} onCheckedChange={onChange}";"Inventaire automatique — voir le rapport pour les vérifications effectuées"
"src/features/persons/components/PersonCollectionFields.tsx";"191";"Label";"htmlFor={`${idPrefix}-email`} required";"Inventaire automatique — voir le rapport pour les vérifications effectuées"
"src/features/persons/components/PersonCollectionFields.tsx";"196";"Input";"aria-describedby={ emailError ? `${idPrefix}-email-error` : emailWarning ? `${idPrefix}-email-warning` : undefined } aria-invalid={Boolean(emailError)} autoComplete=""email"" disabled={disabled} id={`${idPrefix}-email`} maxLength={320} onChange={(event) => onChange({ ...value, email: event.target.value }) } placeholder=""nom@exemple.fr"" type=""email"" value={value.email}";"Inventaire automatique — voir le rapport pour les vérifications effectuées"
"src/features/persons/components/PersonCollectionFields.tsx";"219";"LabelField";"disabled={disabled} errors={errors} idPrefix={idPrefix} keyPrefix={keyPrefix} listId={`${idPrefix}-contact-labels`} onChange={(label) => onChange({ ...value, label })} provenance={provenances?.label} suggestions={PERSON_CONTACT_LABEL_SUGGESTIONS} value={value.label}";"Inventaire automatique — voir le rapport pour les vérifications effectuées"
"src/features/persons/components/PersonCollectionFields.tsx";"231";"PrimarySwitch";"checked={value.isPrimary} disabled={disabled || !showPrimarySwitch} id={`${idPrefix}-primary`} label=""Email principal"" onChange={(isPrimary) => onChange({ ...value, isPrimary })} provenance={provenances?.isPrimary}";"Inventaire automatique — voir le rapport pour les vérifications effectuées"
"src/features/persons/components/PersonCollectionFields.tsx";"278";"Label";"htmlFor={`${idPrefix}-country`} required";"Inventaire automatique — voir le rapport pour les vérifications effectuées"
"src/features/persons/components/PersonCollectionFields.tsx";"281";"Select";"disabled={disabled} onValueChange={(countryCode) => onChange({ ...value, countryCode })} value={value.countryCode}";"Inventaire automatique — voir le rapport pour les vérifications effectuées"
"src/features/persons/components/PersonCollectionFields.tsx";"286";"SelectTrigger";"aria-describedby={ countryError ? `${idPrefix}-country-error` : undefined } aria-invalid={Boolean(countryError)} id={`${idPrefix}-country`}";"Inventaire automatique — voir le rapport pour les vérifications effectuées"
"src/features/persons/components/PersonCollectionFields.tsx";"293";"SelectValue";"";"Inventaire automatique — voir le rapport pour les vérifications effectuées"
"src/features/persons/components/PersonCollectionFields.tsx";"295";"SelectContent";"";"Inventaire automatique — voir le rapport pour les vérifications effectuées"
"src/features/persons/components/PersonCollectionFields.tsx";"297";"SelectItem";"key={code} value={code}";"Inventaire automatique — voir le rapport pour les vérifications effectuées"
"src/features/persons/components/PersonCollectionFields.tsx";"307";"Label";"htmlFor={`${idPrefix}-phone`} required";"Inventaire automatique — voir le rapport pour les vérifications effectuées"
"src/features/persons/components/PersonCollectionFields.tsx";"312";"Input";"aria-describedby={ phoneError ? `${idPrefix}-phone-error` : phoneWarning ? `${idPrefix}-phone-warning` : undefined } aria-invalid={Boolean(phoneError)} autoComplete=""tel"" disabled={disabled} id={`${idPrefix}-phone`} maxLength={40} onChange={(event) => onChange({ ...value, phone: event.target.value }) } placeholder=""06 12 34 56 78"" type=""tel"" value={value.phone}";"Inventaire automatique — voir le rapport pour les vérifications effectuées"
"src/features/persons/components/PersonCollectionFields.tsx";"335";"LabelField";"disabled={disabled} errors={errors} idPrefix={idPrefix} keyPrefix={keyPrefix} listId={`${idPrefix}-contact-labels`} onChange={(label) => onChange({ ...value, label })} provenance={provenances?.label} suggestions={PERSON_CONTACT_LABEL_SUGGESTIONS} value={value.label}";"Inventaire automatique — voir le rapport pour les vérifications effectuées"
"src/features/persons/components/PersonCollectionFields.tsx";"347";"PrimarySwitch";"checked={value.isPrimary} disabled={disabled || !showPrimarySwitch} id={`${idPrefix}-primary`} label=""Téléphone principal"" onChange={(isPrimary) => onChange({ ...value, isPrimary })} provenance={provenances?.isPrimary}";"Inventaire automatique — voir le rapport pour les vérifications effectuées"
"src/features/persons/components/PersonCollectionFields.tsx";"397";"Label";"htmlFor={`${idPrefix}-network`} required";"Inventaire automatique — voir le rapport pour les vérifications effectuées"
"src/features/persons/components/PersonCollectionFields.tsx";"402";"Select";"disabled={disabled} onValueChange={(networkKey) => onChange({ ...value, networkKey })} value={value.networkKey}";"Inventaire automatique — voir le rapport pour les vérifications effectuées"
"src/features/persons/components/PersonCollectionFields.tsx";"407";"SelectTrigger";"aria-describedby={ networkError ? `${idPrefix}-network-error` : undefined } aria-invalid={Boolean(networkError)} id={`${idPrefix}-network`}";"Inventaire automatique — voir le rapport pour les vérifications effectuées"
"src/features/persons/components/PersonCollectionFields.tsx";"414";"SelectValue";"";"Inventaire automatique — voir le rapport pour les vérifications effectuées"
"src/features/persons/components/PersonCollectionFields.tsx";"416";"SelectContent";"";"Inventaire automatique — voir le rapport pour les vérifications effectuées"
"src/features/persons/components/PersonCollectionFields.tsx";"421";"SelectItem";"disabled={network.status === 'deprecated'} key={network.key} value={network.key}";"Inventaire automatique — voir le rapport pour les vérifications effectuées"
"src/features/persons/components/PersonCollectionFields.tsx";"440";"LabelField";"disabled={disabled} errors={errors} idPrefix={idPrefix} keyPrefix={keyPrefix} listId={`${idPrefix}-social-labels`} onChange={(label) => onChange({ ...value, label })} provenance={provenances?.label} suggestions={PERSON_SOCIAL_LABEL_SUGGESTIONS} value={value.label}";"Inventaire automatique — voir le rapport pour les vérifications effectuées"
"src/features/persons/components/PersonCollectionFields.tsx";"453";"Label";"htmlFor={`${idPrefix}-identifier`}";"Inventaire automatique — voir le rapport pour les vérifications effectuées"
"src/features/persons/components/PersonCollectionFields.tsx";"456";"Input";"aria-describedby={ identifierError ? `${idPrefix}-identifier-error` : identifierWarning ? `${idPrefix}-identifier-warning` : `${idPrefix}-identity-hint` } aria-invalid={Boolean(identifierError)} disabled={disabled} id={`${idPrefix}-identifier`} maxLength={100} onChange={(event) => onChange({ ...value, identifier: event.target.value }) } placeholder=""@identifiant"" value={value.identifier}";"Inventaire automatique — voir le rapport pour les vérifications effectuées"
"src/features/persons/components/PersonCollectionFields.tsx";"485";"Label";"htmlFor={`${idPrefix}-url`}";"Inventaire automatique — voir le rapport pour les vérifications effectuées"
"src/features/persons/components/PersonCollectionFields.tsx";"488";"Input";"aria-describedby={ urlError ? `${idPrefix}-url-error` : urlWarning ? `${idPrefix}-url-warning` : `${idPrefix}-identity-hint` } aria-invalid={Boolean(urlError)} disabled={disabled} id={`${idPrefix}-url`} maxLength={2_048} onChange={(event) => onChange({ ...value, profileUrl: event.target.value }) } placeholder=""https://…"" type=""url"" value={value.profileUrl}";"Inventaire automatique — voir le rapport pour les vérifications effectuées"
"src/features/persons/components/PersonCollectionFields.tsx";"518";"PrimarySwitch";"checked={value.isPrimary} disabled={disabled || !showPrimarySwitch} id={`${idPrefix}-primary`} label=""Profil principal pour ce réseau"" onChange={(isPrimary) => onChange({ ...value, isPrimary })} provenance={provenances?.isPrimary}";"Inventaire automatique — voir le rapport pour les vérifications effectuées"
"src/features/persons/components/PersonCollectionsSection.tsx";"78";"Button";"aria-label={`Modifier ${label}`} onClick={onEdit} size=""icon"" type=""button"" variant=""ghost""";"Inventaire automatique — voir le rapport pour les vérifications effectuées"
"src/features/persons/components/PersonCollectionsSection.tsx";"100";"Button";"aria-label={`Copier ${label.toLowerCase()}`} onClick={() => void handleCopy()} size=""icon"" type=""button"" variant=""ghost""";"Inventaire automatique — voir le rapport pour les vérifications effectuées"
"src/features/persons/components/PersonCollectionsSection.tsx";"116";"Button";"aria-label={`Consulter ${label} et son origine`} onClick={onOpen} size=""icon"" type=""button"" variant=""ghost""";"Inventaire automatique — voir le rapport pour les vérifications effectuées"
"src/features/persons/components/PersonCollectionsSection.tsx";"252";"ExternalLink";"className=""size-3 shrink-0""";"Inventaire automatique — voir le rapport pour les vérifications effectuées"
"src/features/persons/components/PersonCollectionsSection.tsx";"400";"h2";"className=""text-sm font-semibold""";"Inventaire automatique — voir le rapport pour les vérifications effectuées"
"src/features/persons/components/PersonCollectionsSection.tsx";"409";"Button";"ref={addEmailRef} aria-label=""Ajouter un email"" disabled={person.emails.length >= PERSON_LIMITS.emails} onClick={() => setEditor({ item: null, kind: 'email' })} size=""sm"" type=""button"" variant=""outline""";"Inventaire automatique — voir le rapport pour les vérifications effectuées"
"src/features/persons/components/PersonCollectionsSection.tsx";"457";"h2";"className=""text-sm font-semibold""";"Inventaire automatique — voir le rapport pour les vérifications effectuées"
"src/features/persons/components/PersonCollectionsSection.tsx";"466";"Button";"ref={addPhoneRef} aria-label=""Ajouter un téléphone"" disabled={person.phones.length >= PERSON_LIMITS.phones} onClick={() => setEditor({ item: null, kind: 'phone' })} size=""sm"" type=""button"" variant=""outline""";"Inventaire automatique — voir le rapport pour les vérifications effectuées"
"src/features/persons/components/PersonCollectionsSection.tsx";"515";"h2";"className=""text-sm font-semibold""";"Inventaire automatique — voir le rapport pour les vérifications effectuées"
"src/features/persons/components/PersonCollectionsSection.tsx";"526";"Button";"ref={addSocialRef} aria-label=""Ajouter un profil social"" disabled={ person.socialProfiles.length >= PERSON_LIMITS.socialProfiles } onClick={() => setEditor({ item: null, kind: 'social' })} size=""sm"" type=""button"" variant=""outline""";"Inventaire automatique — voir le rapport pour les vérifications effectuées"
"src/features/persons/components/PersonCollectionsSection.tsx";"572";"PersonChildDialog";"canEdit={canUpdate} canViewProvenance={canViewProvenance} defaultPrimary={ editor.kind === 'email' ? person.emails.length === 0 : editor.kind === 'phone' ? person.phones.length === 0 : true } item={editor.item} kind={editor.kind} onDelete={() => { if (!editor.item) return; openDelete(editor.kind, editor.item); }} onOpenChange={(open) => { if (!open) setEditor(null); }} onPersonChange={onChange} onReload={onReload} open person={person}";"Inventaire automatique — voir le rapport pour les vérifications effectuées"
"src/features/persons/components/PersonCollectionsSection.tsx";"598";"AlertDialog";"open={Boolean(deleteState)} onOpenChange={(open) => { if (!open && !isDeleting) setDeleteState(null); }}";"Inventaire automatique — voir le rapport pour les vérifications effectuées"
"src/features/persons/components/PersonCollectionsSection.tsx";"604";"AlertDialogContent";"className={requiresReplacement ? 'sm:max-w-lg' : 'sm:max-w-md'}";"Inventaire automatique — voir le rapport pour les vérifications effectuées"
"src/features/persons/components/PersonCollectionsSection.tsx";"607";"AlertDialogHeader";"";"Inventaire automatique — voir le rapport pour les vérifications effectuées"
"src/features/persons/components/PersonCollectionsSection.tsx";"608";"AlertDialogTitle";"";"Inventaire automatique — voir le rapport pour les vérifications effectuées"
"src/features/persons/components/PersonCollectionsSection.tsx";"609";"AlertDialogDescription";"";"Inventaire automatique — voir le rapport pour les vérifications effectuées"
"src/features/persons/components/PersonCollectionsSection.tsx";"619";"Select";"onValueChange={setReplacementId} value={replacementId}";"Inventaire automatique — voir le rapport pour les vérifications effectuées"
"src/features/persons/components/PersonCollectionsSection.tsx";"620";"SelectTrigger";"aria-label=""Nouveau principal""";"Inventaire automatique — voir le rapport pour les vérifications effectuées"
"src/features/persons/components/PersonCollectionsSection.tsx";"621";"SelectValue";"placeholder=""Sélectionner…""";"Inventaire automatique — voir le rapport pour les vérifications effectuées"
"src/features/persons/components/PersonCollectionsSection.tsx";"623";"SelectContent";"";"Inventaire automatique — voir le rapport pour les vérifications effectuées"
"src/features/persons/components/PersonCollectionsSection.tsx";"625";"SelectItem";"key={item.id} value={item.id}";"Inventaire automatique — voir le rapport pour les vérifications effectuées"
"src/features/persons/components/PersonCollectionsSection.tsx";"641";"Button";"onClick={() => void refreshDeleteVersion()} size=""sm"" type=""button"" variant=""outline""";"Inventaire automatique — voir le rapport pour les vérifications effectuées"
"src/features/persons/components/PersonCollectionsSection.tsx";"656";"AlertDialogFooter";"";"Inventaire automatique — voir le rapport pour les vérifications effectuées"
"src/features/persons/components/PersonCollectionsSection.tsx";"657";"AlertDialogCancel";"disabled={isDeleting}";"Inventaire automatique — voir le rapport pour les vérifications effectuées"
"src/features/persons/components/PersonCollectionsSection.tsx";"658";"Button";"disabled={isDeleting || (requiresReplacement && !replacementId)} onClick={() => void handleDelete()} type=""button"" variant=""destructive""";"Inventaire automatique — voir le rapport pour les vérifications effectuées"
"src/features/persons/components/PersonCreateForm.tsx";"135";"form";"noValidate onSubmit={(event) => void handleSubmit(event)}";"Inventaire automatique — voir le rapport pour les vérifications effectuées"
"src/features/persons/components/PersonCreateForm.tsx";"164";"Button";"asChild variant=""outline""";"Inventaire automatique — voir le rapport pour les vérifications effectuées"
"src/features/persons/components/PersonCreateForm.tsx";"165";"Link";"href={returnHref}";"Inventaire automatique — voir le rapport pour les vérifications effectuées"
"src/features/persons/components/PersonCreateForm.tsx";"167";"Button";"disabled={isSubmitting} type=""submit""";"Inventaire automatique — voir le rapport pour les vérifications effectuées"
"src/features/persons/components/PersonCreateForm.tsx";"178";"UnsavedNavigationDialog";"contentClassName=""sm:max-w-md"" description=""Les informations saisies pour cette nouvelle fiche seront perdues."" onCancel={cancelPendingNavigation} onConfirm={confirmPendingNavigation} open={pendingNavigationHref !== null}";"Inventaire automatique — voir le rapport pour les vérifications effectuées"
"src/features/persons/components/PersonDetailPage.tsx";"66";"PageShell";"className=""py-0""";"Inventaire automatique — voir le rapport pour les vérifications effectuées"
"src/features/persons/components/PersonDetailPage.tsx";"374";"section";"aria-label=""Identité"" className=""space-y-5""";"Inventaire automatique — voir le rapport pour les vérifications effectuées"
"src/features/persons/components/PersonDetailPage.tsx";"388";"section";"aria-label=""Coordonnées"" className=""space-y-5""";"Inventaire automatique — voir le rapport pour les vérifications effectuées"
"src/features/persons/components/PersonFieldProvenanceHint.tsx";"115";"Button";"variant=""ghost"" size=""inline"" aria-label={`Voir l'origine : ${target.label}`} className=""text-muted-foreground hover:bg-surface-control-hover hover:text-foreground focus-visible:ring-ring/40 inline-flex size-6 shrink-0 items-center justify-center rounded-md outline-none focus-visible:ring-2"" onClick={() => handleOpenChange(!isOpen)} type=""button""";"Inventaire automatique — voir le rapport pour les vérifications effectuées"
"src/features/persons/components/PersonIdentityFields.tsx";"53";"Label";"htmlFor={htmlFor}";"Inventaire automatique — voir le rapport pour les vérifications effectuées"
"src/features/persons/components/PersonIdentityFields.tsx";"97";"FieldLabel";"htmlFor={nickname.id} label=""Pseudo principal"" provenance={provenances?.nickname}";"Inventaire automatique — voir le rapport pour les vérifications effectuées"
"src/features/persons/components/PersonIdentityFields.tsx";"102";"Input";"aria-describedby={nickname.describedBy ?? `${nickname.id}-hint`} aria-invalid={Boolean(nickname.error)} disabled={disabled} id={nickname.id} maxLength={80} onChange={(event) => onChange('nickname', event.target.value)} placeholder=""Pseudo principal ou habituel"" value={value.nickname}";"Inventaire automatique — voir le rapport pour les vérifications effectuées"
"src/features/persons/components/PersonIdentityFields.tsx";"123";"FieldLabel";"htmlFor={firstName.id} label=""Prénom"" provenance={provenances?.firstName}";"Inventaire automatique — voir le rapport pour les vérifications effectuées"
"src/features/persons/components/PersonIdentityFields.tsx";"128";"Input";"aria-describedby={firstName.describedBy} aria-invalid={Boolean(firstName.error)} disabled={disabled} id={firstName.id} maxLength={100} onChange={(event) => onChange('firstName', event.target.value)} value={value.firstName}";"Inventaire automatique — voir le rapport pour les vérifications effectuées"
"src/features/persons/components/PersonIdentityFields.tsx";"140";"FieldLabel";"htmlFor={lastName.id} label=""Nom"" provenance={provenances?.lastName}";"Inventaire automatique — voir le rapport pour les vérifications effectuées"
"src/features/persons/components/PersonIdentityFields.tsx";"145";"Input";"aria-describedby={lastName.describedBy} aria-invalid={Boolean(lastName.error)} disabled={disabled} id={lastName.id} maxLength={100} onChange={(event) => onChange('lastName', event.target.value)} value={value.lastName}";"Inventaire automatique — voir le rapport pour les vérifications effectuées"
"src/features/persons/components/PersonIdentityFields.tsx";"158";"FieldLabel";"htmlFor={birthDate.id} label=""Date de naissance"" provenance={provenances?.birthDate}";"Inventaire automatique — voir le rapport pour les vérifications effectuées"
"src/features/persons/components/PersonIdentityFields.tsx";"163";"Input";"aria-describedby={birthDate.describedBy ?? `${birthDate.id}-hint`} aria-invalid={Boolean(birthDate.error)} disabled={disabled} id={birthDate.id} onChange={(event) => onChange('birthDate', event.target.value)} type=""date"" value={value.birthDate}";"Inventaire automatique — voir le rapport pour les vérifications effectuées"
"src/features/persons/components/PersonIdentityFields.tsx";"189";"FieldLabel";"htmlFor={structureStatus.id} label=""Statut dans la structure"" provenance={provenances?.structureStatus}";"Inventaire automatique — voir le rapport pour les vérifications effectuées"
"src/features/persons/components/PersonIdentityFields.tsx";"194";"Select";"disabled={disabled} onValueChange={(nextValue) => onChange('structureStatus', nextValue as PersonStructureStatus) } value={value.structureStatus}";"Inventaire automatique — voir le rapport pour les vérifications effectuées"
"src/features/persons/components/PersonIdentityFields.tsx";"201";"SelectTrigger";"aria-describedby={structureStatus.describedBy} aria-invalid={Boolean(structureStatus.error)} id={structureStatus.id}";"Inventaire automatique — voir le rapport pour les vérifications effectuées"
"src/features/persons/components/PersonIdentityFields.tsx";"206";"SelectValue";"";"Inventaire automatique — voir le rapport pour les vérifications effectuées"
"src/features/persons/components/PersonIdentityFields.tsx";"208";"SelectContent";"";"Inventaire automatique — voir le rapport pour les vérifications effectuées"
"src/features/persons/components/PersonIdentityFields.tsx";"210";"SelectItem";"key={status} value={status}";"Inventaire automatique — voir le rapport pour les vérifications effectuées"
"src/features/persons/components/PersonIdentitySection.tsx";"259";"section";"id=""person-identity""";"Inventaire automatique — voir le rapport pour les vérifications effectuées"
"src/features/persons/components/PersonIdentitySection.tsx";"267";"h2";"className=""text-sm font-semibold""";"Inventaire automatique — voir le rapport pour les vérifications effectuées"
"src/features/persons/components/PersonIdentitySection.tsx";"276";"Button";"onClick={openEditor} size=""sm"" type=""button"" variant=""outline""";"Inventaire automatique — voir le rapport pour les vérifications effectuées"
"src/features/persons/components/PersonIdentitySection.tsx";"336";"Dialog";"open={isEditing} onOpenChange={(open) => { if (!open) closeEditor(); }}";"Inventaire automatique — voir le rapport pour les vérifications effectuées"
"src/features/persons/components/PersonIdentitySection.tsx";"342";"DialogContent";"className=""grid h-[100svh] max-h-[100svh] grid-rows-[auto_minmax(0,1fr)_auto] overflow-hidden p-0 sm:h-auto sm:max-h-[85svh] sm:max-w-2xl"" fullscreenOnMobile id=""person-identity-dialog""";"Inventaire automatique — voir le rapport pour les vérifications effectuées"
"src/features/persons/components/PersonIdentitySection.tsx";"347";"DialogHeader";"className=""border-border-divider border-b px-4 py-4 pr-14 text-left sm:px-5""";"Inventaire automatique — voir le rapport pour les vérifications effectuées"
"src/features/persons/components/PersonIdentitySection.tsx";"348";"DialogTitle";"";"Inventaire automatique — voir le rapport pour les vérifications effectuées"
"src/features/persons/components/PersonIdentitySection.tsx";"351";"DialogDescription";"";"Inventaire automatique — voir le rapport pour les vérifications effectuées"
"src/features/persons/components/PersonIdentitySection.tsx";"362";"Button";"onClick={() => { void onReload().then((fresh) => { setVersion(fresh.version); setConflict(false); toast.info( 'Version actualisée, votre saisie est conservée', ); }); }} size=""sm"" type=""button"" variant=""outline""";"Inventaire automatique — voir le rapport pour les vérifications effectuées"
"src/features/persons/components/PersonIdentitySection.tsx";"397";"DialogFooter";"className=""border-border-divider bg-surface-inset border-t px-4 py-4 sm:px-5""";"Inventaire automatique — voir le rapport pour les vérifications effectuées"
"src/features/persons/components/PersonIdentitySection.tsx";"399";"Button";"onClick={closeEditor} type=""button""";"Inventaire automatique — voir le rapport pour les vérifications effectuées"
"src/features/persons/components/PersonIdentitySection.tsx";"404";"Button";"disabled={isSaving} onClick={closeEditor} type=""button"" variant=""outline""";"Inventaire automatique — voir le rapport pour les vérifications effectuées"
"src/features/persons/components/PersonIdentitySection.tsx";"413";"Button";"disabled={isSaving || !isDirty} onClick={() => void handleSave()} type=""button""";"Inventaire automatique — voir le rapport pour les vérifications effectuées"
"src/features/persons/components/PersonIdentitySection.tsx";"431";"UnsavedNavigationDialog";"cancelLabel=""Continuer la modification"" confirmLabel=""Abandonner les modifications"" contentClassName=""sm:max-w-md"" description=""Les modifications de cette information ne sont pas enregistrées."" onCancel={() => { setPendingLocalDiscard(false); cancelPendingNavigation(); }} onConfirm={() => { if (pendingLocalDiscard) discardLocalChanges(); else confirmPendingNavigation(); }} open={pendingLocalDiscard || pendingNavigationHref !== null} title=""Annuler les modifications ?""";"Inventaire automatique — voir le rapport pour les vérifications effectuées"
"src/features/persons/components/PersonsList.tsx";"144";"Link";"aria-label={`Ouvrir la fiche de ${getPersonDisplayName(person)}`} className=""group flex min-w-0 items-center gap-2.5 rounded-md outline-none after:absolute after:inset-0 after:z-10 after:content-['']"" href={href}";"Inventaire automatique — voir le rapport pour les vérifications effectuées"
"src/features/persons/components/PersonsList.tsx";"242";"Link";"aria-label={`Ouvrir la fiche — ${actorLabel}, le ${formatPersonDateTime(person.updatedAt)}`} className=""focus-visible:ring-ring/40 relative z-20 inline-flex cursor-help rounded-sm underline decoration-dotted underline-offset-4 outline-none focus-visible:ring-2"" href={href}";"Inventaire automatique — voir le rapport pour les vérifications effectuées"
"src/features/persons/components/PersonsList.tsx";"265";"Link";"aria-label={`Ouvrir la fiche de ${getPersonDisplayName(person)}`} className=""hover:bg-surface-tile-hover focus-visible:ring-ring/40 flex items-center gap-3 px-4 py-3 outline-none focus-visible:ring-2 focus-visible:ring-inset"" href={href}";"Inventaire automatique — voir le rapport pour les vérifications effectuées"
"src/features/persons/components/PersonsList.tsx";"492";"Button";"className=""mt-4"" onClick={() => applyFilters('', 'ALL', sort)} size=""sm"" variant=""outline""";"Inventaire automatique — voir le rapport pour les vérifications effectuées"
"src/features/persons/components/PersonsList.tsx";"502";"Button";"asChild className=""mt-4"" size=""sm""";"Inventaire automatique — voir le rapport pour les vérifications effectuées"
"src/features/persons/components/PersonsList.tsx";"503";"Link";"href={createHref}";"Inventaire automatique — voir le rapport pour les vérifications effectuées"
"src/features/persons/components/PersonsList.tsx";"511";"DataTableSection";"description=""Recherchez une identité ou une coordonnée. Les données privées restent dans chaque fiche."" headerClassName=""p-3 sm:p-4"" headerLayout=""stacked"" title=""Toutes les fiches"" toolbar={ <div className=""grid w-full min-w-0 gap-2 @min-[32rem]/data-table:grid-cols-2 @min-[56rem]/data-table:grid-cols-[minmax(16rem,1fr)_12rem_12rem_auto]""> <form className=""relative min-w-0 @min-[32rem]/data-table:col-span-2 @min-[56rem]/data-table:col-span-1"" onSubmit={(event) => { event.preventDefault(); applyFilters(draftQuery, status, sort); }} role=""search"" > <Search className=""text-muted-foreground pointer-events-none absolute top-1/2 left-3 size-4 -translate-y-1/2"" /> <Input aria-label=""Rechercher dans le répertoire"" className=""pr-10 pl-9"" maxLength={100} onChange={(event) => setDraftQuery(event.target.value)} placeholder=""Pseudo, nom ou coordonnée…"" value={draftQuery} /> {draftQuery && ( <Button aria-label=""Effacer la recherche"" className=""absolute top-1/2 right-1 size-8 -translate-y-1/2"" onClick={() => applyFilters('', status, sort)} size=""icon"" type=""button"" variant=""ghost"" > <X className=""size-4"" /> </Button> )} </form> <Select onValueChange={(value) => applyFilters(draftQuery, value as StatusFilter, sort) } value={status} > <SelectTrigger aria-label=""Filtrer par statut dans la structure"" className=""w-full min-w-0"" > <SelectValue /> </SelectTrigger> <SelectContent> <SelectItem value=""ALL"">Tous les statuts</SelectItem> {PERSON_STRUCTURE_STATUSES.map((item) => ( <SelectItem key={item} value={item}> {getStatusLabel(item)} </SelectItem> ))} </SelectContent> </Select> <Select onValueChange={(value) => applyFilters(draftQuery, status, value as PersonListSort) } value={sort} > <SelectTrigger aria-label=""Trier le répertoire"" className=""w-full min-w-0"" > <SelectValue /> </SelectTrigger> <SelectContent> {PERSON_LIST_SORTS.map((item) => ( <SelectItem key={item} value={item}> {getSortLabel(item)} </SelectItem> ))} </SelectContent> </Select> {isFiltered && ( <Button className=""text-muted-foreground min-h-10 justify-self-start @min-[32rem]/data-table:col-span-2 @min-[56rem]/data-table:col-span-1"" onClick={() => applyFilters('', 'ALL', sort)} size=""sm"" type=""button"" variant=""ghost"" > <X className=""size-4"" /> Réinitialiser </Button> )} </div> }";"Inventaire automatique — voir le rapport pour les vérifications effectuées"
"src/features/persons/components/PersonsList.tsx";"518";"form";"className=""relative min-w-0 @min-[32rem]/data-table:col-span-2 @min-[56rem]/data-table:col-span-1"" onSubmit={(event) => { event.preventDefault(); applyFilters(draftQuery, status, sort); }} role=""search""";"Inventaire automatique — voir le rapport pour les vérifications effectuées"
"src/features/persons/components/PersonsList.tsx";"527";"Input";"aria-label=""Rechercher dans le répertoire"" className=""pr-10 pl-9"" maxLength={100} onChange={(event) => setDraftQuery(event.target.value)} placeholder=""Pseudo, nom ou coordonnée…"" value={draftQuery}";"Inventaire automatique — voir le rapport pour les vérifications effectuées"
"src/features/persons/components/PersonsList.tsx";"536";"Button";"aria-label=""Effacer la recherche"" className=""absolute top-1/2 right-1 size-8 -translate-y-1/2"" onClick={() => applyFilters('', status, sort)} size=""icon"" type=""button"" variant=""ghost""";"Inventaire automatique — voir le rapport pour les vérifications effectuées"
"src/features/persons/components/PersonsList.tsx";"548";"Select";"onValueChange={(value) => applyFilters(draftQuery, value as StatusFilter, sort) } value={status}";"Inventaire automatique — voir le rapport pour les vérifications effectuées"
"src/features/persons/components/PersonsList.tsx";"554";"SelectTrigger";"aria-label=""Filtrer par statut dans la structure"" className=""w-full min-w-0""";"Inventaire automatique — voir le rapport pour les vérifications effectuées"
"src/features/persons/components/PersonsList.tsx";"558";"SelectValue";"";"Inventaire automatique — voir le rapport pour les vérifications effectuées"
"src/features/persons/components/PersonsList.tsx";"560";"SelectContent";"";"Inventaire automatique — voir le rapport pour les vérifications effectuées"
"src/features/persons/components/PersonsList.tsx";"561";"SelectItem";"value=""ALL""";"Inventaire automatique — voir le rapport pour les vérifications effectuées"
"src/features/persons/components/PersonsList.tsx";"563";"SelectItem";"key={item} value={item}";"Inventaire automatique — voir le rapport pour les vérifications effectuées"
"src/features/persons/components/PersonsList.tsx";"569";"Select";"onValueChange={(value) => applyFilters(draftQuery, status, value as PersonListSort) } value={sort}";"Inventaire automatique — voir le rapport pour les vérifications effectuées"
"src/features/persons/components/PersonsList.tsx";"575";"SelectTrigger";"aria-label=""Trier le répertoire"" className=""w-full min-w-0""";"Inventaire automatique — voir le rapport pour les vérifications effectuées"
"src/features/persons/components/PersonsList.tsx";"579";"SelectValue";"";"Inventaire automatique — voir le rapport pour les vérifications effectuées"
"src/features/persons/components/PersonsList.tsx";"581";"SelectContent";"";"Inventaire automatique — voir le rapport pour les vérifications effectuées"
"src/features/persons/components/PersonsList.tsx";"583";"SelectItem";"key={item} value={item}";"Inventaire automatique — voir le rapport pour les vérifications effectuées"
"src/features/persons/components/PersonsList.tsx";"590";"Button";"className=""text-muted-foreground min-h-10 justify-self-start @min-[32rem]/data-table:col-span-2 @min-[56rem]/data-table:col-span-1"" onClick={() => applyFilters('', 'ALL', sort)} size=""sm"" type=""button"" variant=""ghost""";"Inventaire automatique — voir le rapport pour les vérifications effectuées"
"src/features/persons/components/PersonsList.tsx";"609";"Button";"onClick={() => void load()} size=""sm"" variant=""outline""";"Inventaire automatique — voir le rapport pour les vérifications effectuées"
"src/features/persons/components/PersonsList.tsx";"637";"Button";"onClick={() => void load()} size=""sm"" variant=""outline""";"Inventaire automatique — voir le rapport pour les vérifications effectuées"
"src/features/persons/components/PersonsList.tsx";"647";"DataTableDesktop";"";"Inventaire automatique — voir le rapport pour les vérifications effectuées"
"src/features/persons/components/PersonsList.tsx";"648";"Table";"";"Inventaire automatique — voir le rapport pour les vérifications effectuées"
"src/features/persons/components/PersonsList.tsx";"649";"TableHeader";"className=""[&_th]:h-9""";"Inventaire automatique — voir le rapport pour les vérifications effectuées"
"src/features/persons/components/PersonsList.tsx";"650";"TableRow";"";"Inventaire automatique — voir le rapport pour les vérifications effectuées"
"src/features/persons/components/PersonsList.tsx";"651";"TableHead";"";"Inventaire automatique — voir le rapport pour les vérifications effectuées"
"src/features/persons/components/PersonsList.tsx";"652";"TableHead";"";"Inventaire automatique — voir le rapport pour les vérifications effectuées"
"src/features/persons/components/PersonsList.tsx";"653";"TableHead";"";"Inventaire automatique — voir le rapport pour les vérifications effectuées"
"src/features/persons/components/PersonsList.tsx";"654";"TableHead";"";"Inventaire automatique — voir le rapport pour les vérifications effectuées"
"src/features/persons/components/PersonsList.tsx";"655";"TableHead";"className=""w-14""";"Inventaire automatique — voir le rapport pour les vérifications effectuées"
"src/features/persons/components/PersonsList.tsx";"660";"TableBody";"";"Inventaire automatique — voir le rapport pour les vérifications effectuées"
"src/features/persons/components/PersonsList.tsx";"665";"TableRow";"className=""group/row focus-within:ring-ring/40 relative cursor-pointer focus-within:ring-2 focus-within:ring-inset"" key={person.id}";"Inventaire automatique — voir le rapport pour les vérifications effectuées"
"src/features/persons/components/PersonsList.tsx";"669";"TableCell";"className=""py-2""";"Inventaire automatique — voir le rapport pour les vérifications effectuées"
"src/features/persons/components/PersonsList.tsx";"672";"TableCell";"className=""py-2""";"Inventaire automatique — voir le rapport pour les vérifications effectuées"
"src/features/persons/components/PersonsList.tsx";"675";"TableCell";"className=""py-2""";"Inventaire automatique — voir le rapport pour les vérifications effectuées"
"src/features/persons/components/PersonsList.tsx";"678";"TableCell";"className=""text-muted-foreground py-2 text-sm""";"Inventaire automatique — voir le rapport pour les vérifications effectuées"
"src/features/persons/components/PersonsList.tsx";"681";"TableCell";"className=""pointer-events-none py-1.5""";"Inventaire automatique — voir le rapport pour les vérifications effectuées"
"src/features/persons/components/PersonsList.tsx";"693";"DataTableMobileList";"";"Inventaire automatique — voir le rapport pour les vérifications effectuées"
"src/features/persons/components/PersonsList.tsx";"709";"Button";"aria-label=""Page précédente"" className=""lg:size-8"" disabled={!canGoPrevious || isLoading} onClick={() => { if (!canGoPrevious) return; const nextPage = pageIndex - 1; const cursor = cursorStack.at(nextPage); setPageIndex(nextPage); updateUrl({ cursor, mode: 'push', page: nextPage, query: appliedQuery, sort, status, }); }} size=""icon"" variant=""ghost""";"Inventaire automatique — voir le rapport pour les vérifications effectuées"
"src/features/persons/components/PersonsList.tsx";"732";"Button";"aria-label=""Page suivante"" className=""lg:size-8"" disabled={ !data?.pagination.hasMore || !data.pagination.nextCursor || isLoading } onClick={() => { const cursor = data?.pagination.nextCursor; if (!cursor) return; const nextPage = pageIndex + 1; setCursorStack((current) => { const next = current.slice(0, pageIndex + 1); next.push(cursor); return next; }); setPageIndex(nextPage); updateUrl({ cursor, mode: 'push', page: nextPage, query: appliedQuery, sort, status, }); }} size=""icon"" variant=""ghost""";"Inventaire automatique — voir le rapport pour les vérifications effectuées"
"src/features/persons/components/PersonsPageClient.tsx";"70";"PageShell";"className=""py-0""";"Inventaire automatique — voir le rapport pour les vérifications effectuées"
"src/features/persons/components/PersonsPageClient.tsx";"72";"PageHero";"compact actions={ canCreate ? ( <Button asChild size=""sm""> <Link href={createHref}> <Plus className=""size-4"" /> Nouvelle fiche </Link> </Button> ) : null } description=""Identité, statut dans la structure et coordonnées utiles, réunis dans un répertoire unique."" icon={<Users className=""size-5"" />} title=""Répertoire"" tone=""internal""";"Inventaire automatique — voir le rapport pour les vérifications effectuées"
"src/features/persons/components/PersonsPageClient.tsx";"76";"Button";"asChild size=""sm""";"Inventaire automatique — voir le rapport pour les vérifications effectuées"
"src/features/persons/components/PersonsPageClient.tsx";"77";"Link";"href={createHref}";"Inventaire automatique — voir le rapport pour les vérifications effectuées"
"src/features/persons/components/PersonsPageClient.tsx";"101";"PageShell";"className=""py-0""";"Inventaire automatique — voir le rapport pour les vérifications effectuées"
"src/features/roadmap/RoadmapCard.tsx";"44";"Disclosure";"className=""border-border border-t pt-3"" label=""Public, prérequis et suite""";"Inventaire automatique — voir le rapport pour les vérifications effectuées"
"src/features/roadmap/RoadmapPage.tsx";"69";"PageShell";"className=""py-0""";"Inventaire automatique — voir le rapport pour les vérifications effectuées"
"src/features/roadmap/RoadmapPage.tsx";"71";"PageHero";"title=""Feuille de route"" description=""Construire la gestion de la structure esport, de l’association d’aujourd’hui à une éventuelle société."" icon={<ClipboardList className=""size-5"" />} meta={ <div className=""flex flex-wrap gap-2""> <Badge variant=""outline""> {ROADMAP_ITEMS.length} chantiers </Badge> <Badge variant=""outline""> {ROADMAP_AREAS.length} pôles cibles </Badge> <Badge variant=""outline"">{ROADMAP_PHASES.length} étapes</Badge> </div> }";"Inventaire automatique — voir le rapport pour les vérifications effectuées"
"src/features/roadmap/RoadmapPage.tsx";"87";"Disclosure";"className=""border-border-divider border-b pb-4"" label=""Comprendre les étapes et les principes du projet""";"Inventaire automatique — voir le rapport pour les vérifications effectuées"
"src/features/roadmap/RoadmapPage.tsx";"97";"section";"aria-labelledby=""roadmap-phases-title"" className=""space-y-3""";"Inventaire automatique — voir le rapport pour les vérifications effectuées"
"src/features/roadmap/RoadmapPage.tsx";"102";"h2";"id=""roadmap-phases-title"" className=""text-base font-semibold""";"Inventaire automatique — voir le rapport pour les vérifications effectuées"
"src/features/roadmap/RoadmapPage.tsx";"108";"Button";"size=""sm"" variant=""outline"" aria-pressed={phase === null} onClick={() => setPhase(null)}";"Inventaire automatique — voir le rapport pour les vérifications effectuées"
"src/features/roadmap/RoadmapPage.tsx";"120";"Button";"type=""button"" variant=""outline"" size=""inline"" aria-pressed={phase === step.id} onClick={() => setPhase(phase === step.id ? null : step.id) } className={cn( 'block h-full w-full rounded-lg border p-3 text-left', phase === step.id ? 'border-primary bg-primary/10' : 'border-border bg-card hover:bg-accent', )}";"Inventaire automatique — voir le rapport pour les vérifications effectuées"
"src/features/roadmap/RoadmapPage.tsx";"151";"Disclosure";"className=""border-border rounded-lg border p-4 text-sm"" label=""Les principes retenus et le socle disponible""";"Inventaire automatique — voir le rapport pour les vérifications effectuées"
"src/features/roadmap/RoadmapPage.tsx";"188";"Label";"htmlFor=""roadmap-search""";"Inventaire automatique — voir le rapport pour les vérifications effectuées"
"src/features/roadmap/RoadmapPage.tsx";"189";"Input";"id=""roadmap-search"" value={query} onChange={(event) => setQuery(event.target.value)} placeholder=""Disponibilités, factures, documents…"" type=""search""";"Inventaire automatique — voir le rapport pour les vérifications effectuées"
"src/features/roadmap/RoadmapPage.tsx";"198";"Label";"htmlFor=""roadmap-area""";"Inventaire automatique — voir le rapport pour les vérifications effectuées"
"src/features/roadmap/RoadmapPage.tsx";"199";"Select";"value={areaId} onValueChange={setAreaId}";"Inventaire automatique — voir le rapport pour les vérifications effectuées"
"src/features/roadmap/RoadmapPage.tsx";"200";"SelectTrigger";"id=""roadmap-area"" className=""w-full""";"Inventaire automatique — voir le rapport pour les vérifications effectuées"
"src/features/roadmap/RoadmapPage.tsx";"201";"SelectValue";"";"Inventaire automatique — voir le rapport pour les vérifications effectuées"
"src/features/roadmap/RoadmapPage.tsx";"203";"SelectContent";"";"Inventaire automatique — voir le rapport pour les vérifications effectuées"
"src/features/roadmap/RoadmapPage.tsx";"204";"SelectItem";"value=""all""";"Inventaire automatique — voir le rapport pour les vérifications effectuées"
"src/features/roadmap/RoadmapPage.tsx";"206";"SelectItem";"key={area.id} value={area.id}";"Inventaire automatique — voir le rapport pour les vérifications effectuées"
"src/features/roadmap/RoadmapPage.tsx";"214";"Label";"htmlFor=""roadmap-phase""";"Inventaire automatique — voir le rapport pour les vérifications effectuées"
"src/features/roadmap/RoadmapPage.tsx";"215";"Select";"value={phase === null ? 'all' : String(phase)} onValueChange={(value) => setPhase( ROADMAP_PHASES.find((step) => String(step.id) === value) ?.id ?? null, ) }";"Inventaire automatique — voir le rapport pour les vérifications effectuées"
"src/features/roadmap/RoadmapPage.tsx";"224";"SelectTrigger";"id=""roadmap-phase"" className=""w-full""";"Inventaire automatique — voir le rapport pour les vérifications effectuées"
"src/features/roadmap/RoadmapPage.tsx";"225";"SelectValue";"";"Inventaire automatique — voir le rapport pour les vérifications effectuées"
"src/features/roadmap/RoadmapPage.tsx";"227";"SelectContent";"";"Inventaire automatique — voir le rapport pour les vérifications effectuées"
"src/features/roadmap/RoadmapPage.tsx";"228";"SelectItem";"value=""all""";"Inventaire automatique — voir le rapport pour les vérifications effectuées"
"src/features/roadmap/RoadmapPage.tsx";"230";"SelectItem";"key={step.id} value={String(step.id)}";"Inventaire automatique — voir le rapport pour les vérifications effectuées"
"src/features/roadmap/RoadmapPage.tsx";"237";"Button";"onClick={resetFilters} variant=""outline"" disabled={phase === null && areaId === 'all' && !query}";"Inventaire automatique — voir le rapport pour les vérifications effectuées"
"src/features/roadmap/RoadmapPage.tsx";"264";"section";"key={area.id} aria-labelledby={`roadmap-area-${area.id}`} className=""space-y-3""";"Inventaire automatique — voir le rapport pour les vérifications effectuées"
"src/features/roadmap/RoadmapPage.tsx";"274";"h2";"id={`roadmap-area-${area.id}`} className=""text-base font-semibold""";"Inventaire automatique — voir le rapport pour les vérifications effectuées"
"src/features/roadmap/RoadmapPage.tsx";"299";"Button";"onClick={resetFilters} variant=""outline""";"Inventaire automatique — voir le rapport pour les vérifications effectuées"
"src/features/search/SearchPage.tsx";"132";"PageShell";"className=""py-0"" width=""reading""";"Inventaire automatique — voir le rapport pour les vérifications effectuées"
"src/features/search/SearchPage.tsx";"134";"PageHero";"description=""Retrouvez les pages accessibles à votre compte et affinez les résultats par pôle ou par catégorie."" icon={<Search className=""size-5"" />} title=""Rechercher une page""";"Inventaire automatique — voir le rapport pour les vérifications effectuées"
"src/features/search/SearchPage.tsx";"150";"h2";"className=""text-sm font-semibold"" id=""search-filters-title""";"Inventaire automatique — voir le rapport pour les vérifications effectuées"
"src/features/search/SearchPage.tsx";"154";"form";"className=""grid gap-3 @min-[32rem]/page:grid-cols-[minmax(0,1fr)_minmax(0,1fr)_auto]"" onSubmit={submitSearch} role=""search""";"Inventaire automatique — voir le rapport pour les vérifications effectuées"
"src/features/search/SearchPage.tsx";"164";"Input";"aria-label=""Rechercher dans les destinations"" autoComplete=""off"" className=""h-12 pr-11 pl-9"" maxLength={160} name=""q"" onChange={(event) => setQueryInput(event.target.value)} placeholder=""Nom d’une page, pôle ou description…"" type=""search"" value={queryInput}";"Inventaire automatique — voir le rapport pour les vérifications effectuées"
"src/features/search/SearchPage.tsx";"176";"Button";"variant=""ghost"" size=""inline"" aria-label=""Effacer la recherche"" className=""text-muted-foreground hover:bg-surface-tile-hover hover:text-foreground focus-visible:ring-ring/50 absolute top-1/2 right-1 flex size-9 -translate-y-1/2 items-center justify-center rounded-lg outline-none focus-visible:ring-2"" onClick={() => { setQueryInput(''); navigateWithFilters({ q: null }); }} type=""button""";"Inventaire automatique — voir le rapport pour les vérifications effectuées"
"src/features/search/SearchPage.tsx";"191";"Select";"onValueChange={(value) => navigateWithFilters({ pole: value })} value={space}";"Inventaire automatique — voir le rapport pour les vérifications effectuées"
"src/features/search/SearchPage.tsx";"195";"SelectTrigger";"aria-label=""Filtrer par pôle"" className=""w-full""";"Inventaire automatique — voir le rapport pour les vérifications effectuées"
"src/features/search/SearchPage.tsx";"196";"SelectValue";"placeholder=""Tous les pôles""";"Inventaire automatique — voir le rapport pour les vérifications effectuées"
"src/features/search/SearchPage.tsx";"198";"SelectContent";"";"Inventaire automatique — voir le rapport pour les vérifications effectuées"
"src/features/search/SearchPage.tsx";"199";"SelectItem";"value=""all""";"Inventaire automatique — voir le rapport pour les vérifications effectuées"
"src/features/search/SearchPage.tsx";"203";"SelectItem";"key={entry.id} value={entry.id}";"Inventaire automatique — voir le rapport pour les vérifications effectuées"
"src/features/search/SearchPage.tsx";"209";"Select";"onValueChange={(value) => navigateWithFilters({ source: value }) } value={source}";"Inventaire automatique — voir le rapport pour les vérifications effectuées"
"src/features/search/SearchPage.tsx";"215";"SelectTrigger";"aria-label=""Filtrer par source"" className=""w-full""";"Inventaire automatique — voir le rapport pour les vérifications effectuées"
"src/features/search/SearchPage.tsx";"219";"SelectValue";"placeholder=""Toutes les sources""";"Inventaire automatique — voir le rapport pour les vérifications effectuées"
"src/features/search/SearchPage.tsx";"221";"SelectContent";"";"Inventaire automatique — voir le rapport pour les vérifications effectuées"
"src/features/search/SearchPage.tsx";"222";"SelectItem";"value=""all""";"Inventaire automatique — voir le rapport pour les vérifications effectuées"
"src/features/search/SearchPage.tsx";"223";"SelectItem";"value=""navigation""";"Inventaire automatique — voir le rapport pour les vérifications effectuées"
"src/features/search/SearchPage.tsx";"224";"SelectItem";"value=""account""";"Inventaire automatique — voir le rapport pour les vérifications effectuées"
"src/features/search/SearchPage.tsx";"227";"Button";"type=""submit""";"Inventaire automatique — voir le rapport pour les vérifications effectuées"
"src/features/search/SearchPage.tsx";"234";"section";"aria-labelledby=""search-results-title""";"Inventaire automatique — voir le rapport pour les vérifications effectuées"
"src/features/search/SearchPage.tsx";"237";"h2";"className=""text-base font-semibold"" id=""search-results-title""";"Inventaire automatique — voir le rapport pour les vérifications effectuées"
"src/features/search/SearchPage.tsx";"253";"Button";"onClick={() => { setQueryInput(''); navigateWithFilters({ pole: null, q: null, source: null }); }} size=""sm"" type=""button"" variant=""ghost""";"Inventaire automatique — voir le rapport pour les vérifications effectuées"
"src/features/search/SearchPage.tsx";"282";"Link";"href={result.href}";"Inventaire automatique — voir le rapport pour les vérifications effectuées"
"src/features/search/SearchPage.tsx";"320";"Button";"onClick={() => { setQueryInput(''); navigateWithFilters({ pole: null, q: null, source: null, }); }} type=""button"" variant=""outline""";"Inventaire automatique — voir le rapport pour les vérifications effectuées"
"src/features/settings/SystemSettingsPage.tsx";"333";"PageShell";"className=""py-0""";"Inventaire automatique — voir le rapport pour les vérifications effectuées"
"src/features/settings/SystemSettingsPage.tsx";"335";"PageHero";"actions={ <Button disabled={ (!settings && !loadError) || isLoading || savingKey !== null } onClick={requestRefresh} size=""sm"" type=""button"" variant=""outline"" > <RefreshCw className={isLoading ? 'size-4 animate-spin' : 'size-4'} /> Actualiser </Button> } description={item.description} icon={<Settings className=""size-5"" />} meta={ <Badge variant={canUpdate ? 'secondary' : 'outline'}> {canUpdate ? 'Administration' : 'Lecture seule'} </Badge> } title={item.label} tone=""system""";"Inventaire automatique — voir le rapport pour les vérifications effectuées"
"src/features/settings/SystemSettingsPage.tsx";"337";"Button";"disabled={ (!settings && !loadError) || isLoading || savingKey !== null } onClick={requestRefresh} size=""sm"" type=""button"" variant=""outline""";"Inventaire automatique — voir le rapport pour les vérifications effectuées"
"src/features/settings/SystemSettingsPage.tsx";"368";"Button";"onClick={() => void loadSettings()} type=""button""";"Inventaire automatique — voir le rapport pour les vérifications effectuées"
"src/features/settings/SystemSettingsPage.tsx";"382";"Button";"disabled={isLoading || savingKey !== null} onClick={requestRefresh} size=""sm"" type=""button"" variant=""outline""";"Inventaire automatique — voir le rapport pour les vérifications effectuées"
"src/features/settings/SystemSettingsPage.tsx";"398";"section";"aria-labelledby={`settings-${section.id}-title`} className=""space-y-3"" key={section.id}";"Inventaire automatique — voir le rapport pour les vérifications effectuées"
"src/features/settings/SystemSettingsPage.tsx";"404";"h2";"className=""text-base font-semibold"" id={`settings-${section.id}-title`}";"Inventaire automatique — voir le rapport pour les vérifications effectuées"
"src/features/settings/SystemSettingsPage.tsx";"464";"h3";"className=""text-base leading-6 font-semibold"" id={titleId}";"Inventaire automatique — voir le rapport pour les vérifications effectuées"
"src/features/settings/SystemSettingsPage.tsx";"490";"Label";"htmlFor={fieldId} required";"Inventaire automatique — voir le rapport pour les vérifications effectuées"
"src/features/settings/SystemSettingsPage.tsx";"494";"Input";"aria-describedby={`${unitId} ${helpId}${validationMessage ? ` ${errorId}` : ''}`} aria-invalid={ validationMessage ? true : undefined } aria-label={`Valeur globale — ${definition.label}`} disabled={actionsDisabled} id={fieldId} inputMode=""numeric"" max={definition.max} min={definition.min} onChange={(event) => { const value = event.target.value; setDrafts((currentDrafts) => { const nextDrafts = new Map( currentDrafts, ); nextDrafts.set(key, value); return nextDrafts; }); }} required step={1} type=""number"" value={draftValue}";"Inventaire automatique — voir le rapport pour les vérifications effectuées"
"src/features/settings/SystemSettingsPage.tsx";"584";"Button";"aria-label={`Annuler les modifications — ${definition.label}`} disabled={actionsDisabled || !dirty} onClick={() => setDrafts((currentDrafts) => { const nextDrafts = new Map(currentDrafts); nextDrafts.set( key, String(setting.value), ); return nextDrafts; }) } size=""sm"" type=""button"" variant=""ghost""";"Inventaire automatique — voir le rapport pour les vérifications effectuées"
"src/features/settings/SystemSettingsPage.tsx";"604";"Button";"aria-label={`Rétablir la valeur recommandée — ${definition.label}`} disabled={ actionsDisabled || Number(draftValue) === definition.defaultValue } onClick={() => setDrafts((currentDrafts) => { const nextDrafts = new Map(currentDrafts); nextDrafts.set( key, String(definition.defaultValue), ); return nextDrafts; }) } size=""sm"" type=""button"" variant=""outline""";"Inventaire automatique — voir le rapport pour les vérifications effectuées"
"src/features/settings/SystemSettingsPage.tsx";"629";"Button";"aria-label={`Enregistrer — ${definition.label}`} disabled={ actionsDisabled || !changed || validationMessage !== null } onClick={() => handleSaveRequest(key)} size=""sm"" type=""button""";"Inventaire automatique — voir le rapport pour les vérifications effectuées"
"src/features/settings/SystemSettingsPage.tsx";"661";"AlertDialog";"open={pendingReduction !== null} onOpenChange={(open) => { if (!open) setPendingReduction(null); }}";"Inventaire automatique — voir le rapport pour les vérifications effectuées"
"src/features/settings/SystemSettingsPage.tsx";"667";"AlertDialogContent";"";"Inventaire automatique — voir le rapport pour les vérifications effectuées"
"src/features/settings/SystemSettingsPage.tsx";"668";"AlertDialogHeader";"";"Inventaire automatique — voir le rapport pour les vérifications effectuées"
"src/features/settings/SystemSettingsPage.tsx";"669";"AlertDialogTitle";"";"Inventaire automatique — voir le rapport pour les vérifications effectuées"
"src/features/settings/SystemSettingsPage.tsx";"672";"AlertDialogDescription";"";"Inventaire automatique — voir le rapport pour les vérifications effectuées"
"src/features/settings/SystemSettingsPage.tsx";"686";"AlertDialogFooter";"";"Inventaire automatique — voir le rapport pour les vérifications effectuées"
"src/features/settings/SystemSettingsPage.tsx";"687";"AlertDialogCancel";"";"Inventaire automatique — voir le rapport pour les vérifications effectuées"
"src/features/settings/SystemSettingsPage.tsx";"688";"AlertDialogAction";"className=""bg-warning text-warning-foreground hover:bg-warning/90"" onClick={() => { const action = pendingReduction; setPendingReduction(null); if (action) void updateSetting(action.key, action.value); }}";"Inventaire automatique — voir le rapport pour les vérifications effectuées"
"src/features/settings/SystemSettingsPage.tsx";"702";"AlertDialog";"open={showRefreshConfirmation} onOpenChange={setShowRefreshConfirmation}";"Inventaire automatique — voir le rapport pour les vérifications effectuées"
"src/features/settings/SystemSettingsPage.tsx";"706";"AlertDialogContent";"";"Inventaire automatique — voir le rapport pour les vérifications effectuées"
"src/features/settings/SystemSettingsPage.tsx";"707";"AlertDialogHeader";"";"Inventaire automatique — voir le rapport pour les vérifications effectuées"
"src/features/settings/SystemSettingsPage.tsx";"708";"AlertDialogTitle";"";"Inventaire automatique — voir le rapport pour les vérifications effectuées"
"src/features/settings/SystemSettingsPage.tsx";"709";"AlertDialogDescription";"";"Inventaire automatique — voir le rapport pour les vérifications effectuées"
"src/features/settings/SystemSettingsPage.tsx";"714";"AlertDialogFooter";"";"Inventaire automatique — voir le rapport pour les vérifications effectuées"
"src/features/settings/SystemSettingsPage.tsx";"715";"AlertDialogCancel";"";"Inventaire automatique — voir le rapport pour les vérifications effectuées"
"src/features/settings/SystemSettingsPage.tsx";"716";"AlertDialogAction";"className=""bg-warning text-warning-foreground hover:bg-warning/90"" onClick={() => { setShowRefreshConfirmation(false); void loadSettings(); }}";"Inventaire automatique — voir le rapport pour les vérifications effectuées"
"src/features/settings/SystemSettingsPage.tsx";"729";"AlertDialog";"open={pendingNavigationHref !== null} onOpenChange={(open) => { if (!open) cancelPendingNavigation(); }}";"Inventaire automatique — voir le rapport pour les vérifications effectuées"
"src/features/settings/SystemSettingsPage.tsx";"735";"AlertDialogContent";"";"Inventaire automatique — voir le rapport pour les vérifications effectuées"
"src/features/settings/SystemSettingsPage.tsx";"736";"AlertDialogHeader";"";"Inventaire automatique — voir le rapport pour les vérifications effectuées"
"src/features/settings/SystemSettingsPage.tsx";"737";"AlertDialogTitle";"";"Inventaire automatique — voir le rapport pour les vérifications effectuées"
"src/features/settings/SystemSettingsPage.tsx";"738";"AlertDialogDescription";"";"Inventaire automatique — voir le rapport pour les vérifications effectuées"
"src/features/settings/SystemSettingsPage.tsx";"743";"AlertDialogFooter";"";"Inventaire automatique — voir le rapport pour les vérifications effectuées"
"src/features/settings/SystemSettingsPage.tsx";"744";"AlertDialogCancel";"onClick={cancelPendingNavigation}";"Inventaire automatique — voir le rapport pour les vérifications effectuées"
"src/features/settings/SystemSettingsPage.tsx";"747";"AlertDialogAction";"className=""bg-destructive text-destructive-foreground hover:bg-destructive/90"" onClick={confirmPendingNavigation}";"Inventaire automatique — voir le rapport pour les vérifications effectuées"
"src/features/settings/SystemSettingsPage.tsx";"757";"AdminStepUpDialog";"actorLoginName={userData?.loginName ?? ''} description={ pendingPasswordDefinition ? `Confirmez votre mot de passe pour réduire la conservation de « ${pendingPasswordDefinition.label} ». La confirmation restera valable pendant trente minutes.` : 'Confirmez votre mot de passe pour continuer.' } onCancel={() => setPendingPasswordAction(null)} onComplete={async () => { const action = pendingPasswordAction; setPendingPasswordAction(null); if (action) await updateSetting(action.key, action.value); }} open={pendingPasswordAction !== null} proofKind=""password"" title=""Confirmer cette réduction""";"Inventaire automatique — voir le rapport pour les vérifications effectuées"
"src/features/users/UsersListPage.tsx";"513";"Button";"onClick={() => void fetchUsers( currentPage, debouncedSearch, effectiveFilterStatus, filterRole, sortBy, ) } size=""sm"" type=""button"" variant=""outline""";"Inventaire automatique — voir le rapport pour les vérifications effectuées"
"src/features/users/UsersListPage.tsx";"545";"DataTableSection";"title=""Comptes utilisateurs"" description={ <span className=""flex flex-wrap items-center gap-x-2 gap-y-1""> <span> {totalFiltered} compte{totalFiltered !== 1 ? 's' : ''} {hasActiveFilters && stats ? ` sur ${stats.total}` : ''} {stats ? ` · ${stats.active} actif${stats.active !== 1 ? 's' : ''}` : ''} </span> {securityDetailsVisible && stats?.pendingPasswordChange !== null && stats?.pendingPasswordChange !== undefined && stats.pendingPasswordChange > 0 && ( <span className=""text-warning""> · {stats.pendingPasswordChange} mot {stats.pendingPasswordChange !== 1 ? 's' : ''} de passe à changer </span> )} {isRefreshing && <span>· Actualisation…</span>} </span> } headerClassName=""p-3 sm:p-4"" contentClassName={ isRefreshing ? 'opacity-60 transition-opacity' : undefined } toolbarClassName=""@container/users-toolbar"" toolbar={ <div className=""grid w-full min-w-0 gap-2 @min-[32rem]/users-toolbar:grid-cols-2 @min-[56rem]/users-toolbar:grid-cols-[minmax(12rem,1fr)_10rem_10rem_11rem_auto]""> <div className=""relative min-w-0 @min-[32rem]/users-toolbar:col-span-2 @min-[56rem]/users-toolbar:col-span-1""> <Search size={16} className=""text-muted-foreground pointer-events-none absolute top-1/2 left-3 -translate-y-1/2"" /> <Input aria-label=""Rechercher un compte utilisateur"" placeholder=""Nom, identifiant ou email…"" value={searchQuery} onChange={(event) => setSearchQuery(event.target.value)} maxLength={USER_SEARCH_MAX_LENGTH} className=""pr-10 pl-9"" /> {searchQuery && ( <Button type=""button"" variant=""ghost"" size=""icon"" onClick={() => setSearchQuery('')} className=""text-muted-foreground hover:text-foreground absolute top-1/2 right-1 size-8 -translate-y-1/2"" aria-label=""Effacer la recherche"" > <X size={14} /> </Button> )} </div> <Select value={filterStatus} onValueChange={(value) => handleFilterChange('status', value)} > <SelectTrigger aria-label=""Filtrer par état du compte"" className=""w-full min-w-0"" > <SelectValue /> </SelectTrigger> <SelectContent> <SelectItem value=""all"">Tous les états</SelectItem> <SelectItem value=""active"">Actifs</SelectItem> <SelectItem value=""inactive"">Désactivés</SelectItem> {canRequestSecurityDetails && ( <SelectItem value=""pending""> Mot de passe à changer </SelectItem> )} </SelectContent> </Select> <Select value={filterRole} onValueChange={(value) => handleFilterChange('role', value)} > <SelectTrigger aria-label=""Filtrer par rôle"" className=""w-full min-w-0"" > <SelectValue /> </SelectTrigger> <SelectContent> <SelectItem value=""all"">Tous les rôles</SelectItem> <SelectItem value=""ADMIN"">Administrateurs</SelectItem> <SelectItem value=""USER"">Utilisateurs</SelectItem> </SelectContent> </Select> <Select value={sortBy} onValueChange={(value) => handleFilterChange('sort', value)} > <SelectTrigger aria-label=""Trier les comptes utilisateurs"" className=""w-full min-w-0"" > <SelectValue /> </SelectTrigger> <SelectContent> <SelectItem value=""name"">{getSortLabel('name')}</SelectItem> <SelectItem value=""recent"">{getSortLabel('recent')}</SelectItem> <SelectItem value=""created""> {getSortLabel('created')} </SelectItem> </SelectContent> </Select> {hasActiveFilters && ( <Button type=""button"" variant=""ghost"" size=""sm"" onClick={clearFilters} className=""text-muted-foreground min-h-10"" > <X size={14} /> Réinitialiser </Button> )} </div> } pagination={ totalPages > 1 ? { limit: pagination?.limit ?? 1, onPageChange: setCurrentPage, page: currentPage, total: totalFiltered, totalPages, } : undefined }";"Inventaire automatique — voir le rapport pour les vérifications effectuées"
"src/features/users/UsersListPage.tsx";"581";"Input";"aria-label=""Rechercher un compte utilisateur"" placeholder=""Nom, identifiant ou email…"" value={searchQuery} onChange={(event) => setSearchQuery(event.target.value)} maxLength={USER_SEARCH_MAX_LENGTH} className=""pr-10 pl-9""";"Inventaire automatique — voir le rapport pour les vérifications effectuées"
"src/features/users/UsersListPage.tsx";"590";"Button";"type=""button"" variant=""ghost"" size=""icon"" onClick={() => setSearchQuery('')} className=""text-muted-foreground hover:text-foreground absolute top-1/2 right-1 size-8 -translate-y-1/2"" aria-label=""Effacer la recherche""";"Inventaire automatique — voir le rapport pour les vérifications effectuées"
"src/features/users/UsersListPage.tsx";"602";"Select";"value={filterStatus} onValueChange={(value) => handleFilterChange('status', value)}";"Inventaire automatique — voir le rapport pour les vérifications effectuées"
"src/features/users/UsersListPage.tsx";"606";"SelectTrigger";"aria-label=""Filtrer par état du compte"" className=""w-full min-w-0""";"Inventaire automatique — voir le rapport pour les vérifications effectuées"
"src/features/users/UsersListPage.tsx";"610";"SelectValue";"";"Inventaire automatique — voir le rapport pour les vérifications effectuées"
"src/features/users/UsersListPage.tsx";"612";"SelectContent";"";"Inventaire automatique — voir le rapport pour les vérifications effectuées"
"src/features/users/UsersListPage.tsx";"613";"SelectItem";"value=""all""";"Inventaire automatique — voir le rapport pour les vérifications effectuées"
"src/features/users/UsersListPage.tsx";"614";"SelectItem";"value=""active""";"Inventaire automatique — voir le rapport pour les vérifications effectuées"
"src/features/users/UsersListPage.tsx";"615";"SelectItem";"value=""inactive""";"Inventaire automatique — voir le rapport pour les vérifications effectuées"
"src/features/users/UsersListPage.tsx";"617";"SelectItem";"value=""pending""";"Inventaire automatique — voir le rapport pour les vérifications effectuées"
"src/features/users/UsersListPage.tsx";"623";"Select";"value={filterRole} onValueChange={(value) => handleFilterChange('role', value)}";"Inventaire automatique — voir le rapport pour les vérifications effectuées"
"src/features/users/UsersListPage.tsx";"627";"SelectTrigger";"aria-label=""Filtrer par rôle"" className=""w-full min-w-0""";"Inventaire automatique — voir le rapport pour les vérifications effectuées"
"src/features/users/UsersListPage.tsx";"631";"SelectValue";"";"Inventaire automatique — voir le rapport pour les vérifications effectuées"
"src/features/users/UsersListPage.tsx";"633";"SelectContent";"";"Inventaire automatique — voir le rapport pour les vérifications effectuées"
"src/features/users/UsersListPage.tsx";"634";"SelectItem";"value=""all""";"Inventaire automatique — voir le rapport pour les vérifications effectuées"
"src/features/users/UsersListPage.tsx";"635";"SelectItem";"value=""ADMIN""";"Inventaire automatique — voir le rapport pour les vérifications effectuées"
"src/features/users/UsersListPage.tsx";"636";"SelectItem";"value=""USER""";"Inventaire automatique — voir le rapport pour les vérifications effectuées"
"src/features/users/UsersListPage.tsx";"639";"Select";"value={sortBy} onValueChange={(value) => handleFilterChange('sort', value)}";"Inventaire automatique — voir le rapport pour les vérifications effectuées"
"src/features/users/UsersListPage.tsx";"643";"SelectTrigger";"aria-label=""Trier les comptes utilisateurs"" className=""w-full min-w-0""";"Inventaire automatique — voir le rapport pour les vérifications effectuées"
"src/features/users/UsersListPage.tsx";"647";"SelectValue";"";"Inventaire automatique — voir le rapport pour les vérifications effectuées"
"src/features/users/UsersListPage.tsx";"649";"SelectContent";"";"Inventaire automatique — voir le rapport pour les vérifications effectuées"
"src/features/users/UsersListPage.tsx";"650";"SelectItem";"value=""name""";"Inventaire automatique — voir le rapport pour les vérifications effectuées"
"src/features/users/UsersListPage.tsx";"651";"SelectItem";"value=""recent""";"Inventaire automatique — voir le rapport pour les vérifications effectuées"
"src/features/users/UsersListPage.tsx";"652";"SelectItem";"value=""created""";"Inventaire automatique — voir le rapport pour les vérifications effectuées"
"src/features/users/UsersListPage.tsx";"658";"Button";"type=""button"" variant=""ghost"" size=""sm"" onClick={clearFilters} className=""text-muted-foreground min-h-10""";"Inventaire automatique — voir le rapport pour les vérifications effectuées"
"src/features/users/UsersListPage.tsx";"683";"DataTableDesktop";"";"Inventaire automatique — voir le rapport pour les vérifications effectuées"
"src/features/users/UsersListPage.tsx";"684";"Table";"";"Inventaire automatique — voir le rapport pour les vérifications effectuées"
"src/features/users/UsersListPage.tsx";"685";"TableHeader";"className=""[&_th]:h-9""";"Inventaire automatique — voir le rapport pour les vérifications effectuées"
"src/features/users/UsersListPage.tsx";"686";"TableRow";"";"Inventaire automatique — voir le rapport pour les vérifications effectuées"
"src/features/users/UsersListPage.tsx";"687";"TableHead";"";"Inventaire automatique — voir le rapport pour les vérifications effectuées"
"src/features/users/UsersListPage.tsx";"688";"TableHead";"";"Inventaire automatique — voir le rapport pour les vérifications effectuées"
"src/features/users/UsersListPage.tsx";"689";"TableHead";"";"Inventaire automatique — voir le rapport pour les vérifications effectuées"
"src/features/users/UsersListPage.tsx";"690";"TableHead";"";"Inventaire automatique — voir le rapport pour les vérifications effectuées"
"src/features/users/UsersListPage.tsx";"691";"TableHead";"";"Inventaire automatique — voir le rapport pour les vérifications effectuées"
"src/features/users/UsersListPage.tsx";"692";"TableHead";"className=""w-14""";"Inventaire automatique — voir le rapport pour les vérifications effectuées"
"src/features/users/UsersListPage.tsx";"697";"TableBody";"";"Inventaire automatique — voir le rapport pour les vérifications effectuées"
"src/features/users/UsersListPage.tsx";"699";"TableRow";"";"Inventaire automatique — voir le rapport pour les vérifications effectuées"
"src/features/users/UsersListPage.tsx";"700";"TableCell";"colSpan={securityDetailsVisible ? 6 : 5} className=""h-44 text-center""";"Inventaire automatique — voir le rapport pour les vérifications effectuées"
"src/features/users/UsersListPage.tsx";"716";"Button";"type=""button"" variant=""link"" size=""sm"" onClick={clearFilters}";"Inventaire automatique — voir le rapport pour les vérifications effectuées"
"src/features/users/UsersListPage.tsx";"731";"TableRow";"className=""group/row focus-within:ring-ring/40 relative cursor-pointer focus-within:ring-2 focus-within:ring-inset"" key={user.id}";"Inventaire automatique — voir le rapport pour les vérifications effectuées"
"src/features/users/UsersListPage.tsx";"735";"TableCell";"className=""py-2""";"Inventaire automatique — voir le rapport pour les vérifications effectuées"
"src/features/users/UsersListPage.tsx";"736";"Link";"aria-label={ user.id === currentUser?.id ? 'Ouvrir mon compte' : `Ouvrir le compte de ${getUserDisplayName(user)}` } className=""group/link flex min-w-0 items-center gap-2.5 rounded-md outline-none after:absolute after:inset-0 after:z-10 after:content-['']"" href={getUserDetailHref(user.id)} prefetch={false}";"Inventaire automatique — voir le rapport pour les vérifications effectuées"
"src/features/users/UsersListPage.tsx";"787";"TableCell";"className=""pointer-events-none py-2""";"Inventaire automatique — voir le rapport pour les vérifications effectuées"
"src/features/users/UsersListPage.tsx";"790";"TableCell";"className=""pointer-events-none py-2""";"Inventaire automatique — voir le rapport pour les vérifications effectuées"
"src/features/users/UsersListPage.tsx";"794";"TableCell";"className=""pointer-events-none py-2""";"Inventaire automatique — voir le rapport pour les vérifications effectuées"
"src/features/users/UsersListPage.tsx";"810";"TableCell";"className=""text-muted-foreground pointer-events-none py-2 text-xs""";"Inventaire automatique — voir le rapport pour les vérifications effectuées"
"src/features/users/UsersListPage.tsx";"813";"TableCell";"className=""pointer-events-none py-2""";"Inventaire automatique — voir le rapport pour les vérifications effectuées"
"src/features/users/UsersListPage.tsx";"825";"DataTableMobileList";"";"Inventaire automatique — voir le rapport pour les vérifications effectuées"
"src/features/users/UsersListPage.tsx";"839";"Button";"type=""button"" variant=""link"" size=""sm"" onClick={clearFilters}";"Inventaire automatique — voir le rapport pour les vérifications effectuées"
"src/features/users/UsersListPage.tsx";"852";"Link";"aria-label={ user.id === currentUser?.id ? 'Ouvrir mon compte' : `Ouvrir le compte de ${getUserDisplayName(user)}` } className=""hover:bg-surface-tile-hover focus-visible:bg-primary/10 focus-visible:ring-primary/70 block p-3 focus-visible:ring-2 focus-visible:outline-none focus-visible:ring-inset"" href={getUserDetailHref(user.id)} key={user.id} prefetch={false}";"Inventaire automatique — voir le rapport pour les vérifications effectuées"
"src/features/users/UsersListPage.tsx";"871";"h3";"className=""text-foreground truncate font-medium""";"Inventaire automatique — voir le rapport pour les vérifications effectuées"
"src/shared/context/UserContext.tsx";"566";"Button";"size=""sm"" onClick={() => void extendSession()}";"Inventaire automatique — voir le rapport pour les vérifications effectuées"
"src/shared/context/UserContext.tsx";"569";"Button";"size=""sm"" variant=""outline"" onClick={logout}";"Inventaire automatique — voir le rapport pour les vérifications effectuées"
